Country,FAOSTAT group,Element,Unit,1961,1962,1963,1964,1965,1966,1967,1968,1969,1970,1971,1972,1973,1974,1975,1976,1977,1978,1979,1980,1981,1982,1983,1984,1985,1986,1987,1988,1989,1990,1991,1992,1993,1994,1995,1996,1997,1998,1999,2000,2001,2002,2003,2004,2005,2006,2007,2008,2009,2010,2011,2012,2013,2014,2015,2016,2017
Afghanistan,Freshwater & diadromous fish,Total food supply,Tonnes - live weight,300,300,300,300,300,300,400,400,460,460,560,560,560,560,660,770,770,770,770,870,870,870,970,970,970,970,1170,1170,1170,1400,1400,1500,1500,1600,1600,1600,1550,1500,1500,1300,1250,1350,1350,1450,1450,1450,2050,2050,2650,3259,4000,4780,5560,6360,7200,8050,9000
Albania,Freshwater & diadromous fish,Total food supply,Tonnes - live weight,1100,1000,1000,1000,1400,1400,1700,2000,2400,2700,2700,2700,2700,3000,3000,3000,3000,3000,3000,3000,3033,3377,3065,2723,3078,3196,2439,2838,2864,2167,978,1016,954,795,271.11,482.89,210.89,515.01,796.89,1019.91,1566.97,1668.21,1885.44,2062.25,2135.5,1995.23,2639.53,2607.19,2727.28,2422.6,2227.43,1917.6,1992.9,2143.05,2078.87,2043.84,1631.82
Algeria,Freshwater & diadromous fish,Total food supply,Tonnes - live weight,0,0,0,0,0,0,0,0,0,0,0,0,0,50,0,0,5.71,0,1,0,0,0,0,61,102,204,219,257,339,361,83.89,85.33,183.78,285.11,751.22,201.97,250.89,439.86,801.33,685.67,756.67,635.33,313.08,476.56,306.56,110.4,168.86,2698.01,2298.11,1666.28,2097.71,13302.63,20518.74,13285.74,10266.82,9916.79,6841.71
American Samoa,Freshwater & diadromous fish,Total food supply,Tonnes - live weight,0,0,0,0,0,0,0,0,0,0,0,0,0,0,0,0,0,0,0,0,0,0,0,0,0,0,0,0,0,0,5,5,5,5,5,5,5,5,5,5,10,10,10,10,10,18,18,18,18,18,20,20,20,20,20,20,20
Angola,Freshwater & diadromous fish,Total food supply,Tonnes - live weight,5300,5500,5500,5500,5800,5800,6000,6000,6000,6000,6000,6000,6500,6500,7000,7000,7000,7000,7000,7500,7500,7500,7500,7500,7500,8000,8000,8000,8000,8000,7000,7000,7000,7000,6009.48,6030.94,6011.47,6074.93,6017.07,7034.83,8050.46,9078.47,10146.76,10323.39,10431.24,10219.62,22664.89,21500.45,9209.6,14115.28,19043.92,15960.25,20219.69,32559.01,40766.83,18860.68,25197.71
Antigua and Barbuda,Freshwater & diadromous fish,Total food supply,Tonnes - live weight,0,0,0,0,0,0,0,0,0,0,0,0,0,0,0,0,20,20,0,8.57,20,0,0,17.36,0,0,0,0,0,21.54,23.08,0,0,0,4.97,32.97,0,0,109.24,85.52,16.82,112.66,100.53,106.92,78.96,81.29,97.96,101.88,64.87,66.19,71.46,116.95,79.78,86.85,96.87,93.61,112.94
Argentina,Freshwater & diadromous fish,Total food supply,Tonnes - live weight,4800,3801,4702,8504,7505,5905,8408,6411,7315,4419,5723,6327,7631,10217,15110,5195,4793,9444,7763.08,7534.61,5397.54,4781,5193,7776,9965,9075,8285,10945,11101,10631,7446.22,9235.82,8322.05,9348.81,14436.99,15156.92,20698.59,24686.41,29344.14,33952.2,18890.35,20427.57,27533.61,569.4,2821.91,6146.11,6060.81,2732.56,4673.79,5498.68,6692.25,9534.87,8846.7,9736.26,14287.48,12300.47,13533.03
Armenia,Freshwater & diadromous fish,Total food supply,Tonnes - live weight,0,0,0,0,0,0,0,0,0,0,0,0,0,0,0,0,0,0,0,0,0,0,0,0,0,0,0,0,0,0,0,4450,4100,2603,1941,1230,1240,1075,1740,2005,2113,1032,858,170,108,341.11,3879.33,4566.2,5098.2,4252.51,4369.04,5705.69,9172.58,12828.22,14472.8,14876.7,12877.19
Aruba,Freshwater & diadromous fish,Total food supply,Tonnes - live weight,0,0,0,0,0,0,0,0,0,0,0,0,0,0,0,0,0,0,0,0,0,0,0,35.38,43.08,49.23,58.46,56.92,56.92,33.85,47.69,0,0,0,8.57,7.25,12.01,0,3.33,0,7.78,5.56,6.67,4.44,3.33,4.44,3.33,6.67,1604.47,1554.02,1484.68,1885.65,1556.69,1285.26,1331.25,1495.63,2132.33
Australia,Freshwater & diadromous fish,Total food supply,Tonnes - live weight,7215.39,7061.54,8753.85,8807.69,8646.15,9723.08,8746.15,8384.61,8684.61,7823.08,7915.39,10061.54,9276.92,12822.39,8214.15,7216.77,12445.69,13583.85,9222.15,10997.08,14683.92,18275.31,10670.39,17169.62,14664.92,16470.85,18078.69,16672.07,20012.59,18351.82,17922.2,25702.69,20221.58,14668.37,20158.99,23509.84,20992.02,21566.5,22952.7,29129.01,31242.04,30706.21,32135.47,35991.84,37106.99,44530.65,45964.45,47592.68,46578.47,50436.38,55580.07,90233.94,96278.34,100665.14,95865.19,111701.18,100508.47
Austria,Freshwater & diadromous fish,Total food supply,Tonnes - live weight,4400,4600,4700,4900,5500,5100,4500,4400,3800,3700,3300,3100,2800,2770,3127,3157,3157,4402,5081,5498,5561,5406,5893,5778,6209,5989,6305,8548.35,8617.41,8034.52,8474.33,9223.57,9127,10239.92,12354.01,12910.92,13149.08,14954.26,16124.79,15494.54,18811.79,15407.35,18684.68,23228.65,28786.26,25215.12,31742.84,31908.91,32447.39,32905.52,34873.94,34787.3,34543.57,37103.88,36782.92,36160.7,36489.72
Azerbaijan,Freshwater & diadromous fish,Total food supply,Tonnes - live weight,0,0,0,0,0,0,0,0,0,0,0,0,0,0,0,0,0,0,0,0,0,0,0,0,0,0,0,0,0,0,0,31963,22894,16619,10651.14,6296.46,3958.88,4793.48,18580.38,17702.5,11234.5,12159.78,8695.73,11947,9933.39,5711.2,3960.23,4130.61,5735.23,6248.81,1615.86,1436.87,4804.73,6041.57,4491.72,6157.03,6742.19
Bahamas,Freshwater & diadromous fish,Total food supply,Tonnes - live weight,0,0,0,0,0,0,0,0,0,0,0,0,0,0,0,0,0,0,0,0,0,0,0,0,30,30,22,36,55,43,4,5,0,0,0,0,180.61,209.2,161.55,280.93,399.85,383.01,1543.02,397,518.04,390.02,419.65,431.86,281.51,316.25,318.75,313.57,396.61,583.74,672.22,617.72,606.03
Bahrain,Freshwater & diadromous fish,Total food supply,Tonnes - live weight,0,0,0,0,0,0,0,0,0,0,0,0,0,0,0,0,0,0,3,1,2,0,1,1,0,0,1,1,0,0,1,1,1,0,0,0,102.75,60.84,34.38,41.37,63.84,146.26,102.44,167,215.15,147.33,297.13,568.19,429.39,726.74,510.12,983.96,3234.05,3732.8,4813.03,5870.07,5472.46
Bangladesh,Freshwater & diadromous fish,Total food supply,Tonnes - live weight,380602,411863,411523,459583,519990,526198,526153,569960,569862,598014,647820,729015,729163,727860,542900,538801,530810,524660,524540,521450,522300,553180,580030,626751,632930,646494,651873,664509,668698.82,675596,727699,743771,773402,856255,926634,981782.22,1072415,1150704.11,1293254,1376081.37,1464793.79,1533767.76,1601427.09,1713987.54,1810457.86,1912349.94,2015331.3,2044841.58,2237222.06,2337217.57,2563328.3,2654929.45,2824340.43,2960307.9,3085922.1,3221491.3,3469706.15
Barbados,Freshwater & diadromous fish,Total food supply,Tonnes - live weight,0,0,0,0,0,0,0,0,0,0,0,0,0,0,0,77.8,12.09,51.65,0,0,66.15,0,0,0,0,0,0,0,69.01,29.23,47.44,28.27,37.73,50.35,75.04,91.6,172.51,144.56,167.13,172.11,234.43,221.41,254.84,189.77,323.12,260.58,238.91,248.5,169.98,237.82,228.92,269.69,215.93,294.16,267.89,240.76,274.35
Belarus,Freshwater & diadromous fish,Total food supply,Tonnes - live weight,0,0,0,0,0,0,0,0,0,0,0,0,0,0,0,0,0,0,0,0,0,0,0,0,0,0,0,0,0,0,0,9922,10011,4538.21,5831.08,6664.43,4581,8940.75,9805.5,9108.28,8276.4,13898.59,12370.51,12425.05,14396.56,17258.45,25456.97,34026.22,38028.81,39455.65,30787.68,34467.65,33764.09,21463.42,20224.34,27600.92,12501.19
Belgium,Freshwater & diadromous fish,Total food supply,Tonnes - live weight,0,0,0,0,0,0,0,0,0,0,0,0,0,0,0,0,0,0,0,0,0,0,0,0,0,0,0,0,0,0,0,0,0,0,0,0,0,0,0,45936.64,40007.88,34043.31,42568.83,44511.38,45916.56,49645.64,54898.81,62118.11,59504.69,65959.07,69527.59,73248.9,73144.33,80602.28,77333.38,77302.75,78024.82
Belgium-Luxembourg,Freshwater & diadromous fish,Total food supply,Tonnes - live weight,7784.61,7884.61,8600,9307.69,11246.15,8766.61,9284.61,9276.92,11193.41,8224.18,10370.33,11560.83,11719.33,11976.25,12510.47,15254.51,14244.99,16318.04,17213.58,17471.85,16347.07,16116.1,15881.39,15533.62,15200.05,16782.56,18655.34,17484.09,18223.88,19867.78,22119.56,21898.08,19981.67,27904.68,29552.17,27477.93,30583.79,31476.32,34814.58,0,0,0,0,0,0,0,0,0,0,0,0,0,0,0,0,0,0
Belize,Freshwater & diadromous fish,Total food supply,Tonnes - live weight,0,0,0,0,0,0,0,0,0,0,0,0,0,25,25,25,25,26.54,28.08,26.54,40,13,2,2,1,4,4.54,10.23,11.77,5.62,2.54,2,3,2.54,15.54,288.54,139.08,3.08,1.54,3.08,6.15,9.01,9.01,394.58,431.15,393.08,403.08,1867.65,1616.08,611.58,8.08,68.73,64.61,44.12,15.24,94.88,89.16
Benin,Freshwater & diadromous fish,Total food supply,Tonnes - live weight,14987.81,20677.08,21092.1,23800,21400,14700,29095.89,30000,29698.11,34198.11,32596.08,31296.08,30982.16,30792.16,31019.61,31789.34,31789.34,31675.75,31787.88,34200,34200,33993.94,31000,31400,31907,31439,22144,23664,22886,21070,19299.55,18400.46,22868,22721,27572.05,24148.05,22663,21154.82,21040.67,17232.63,20254.56,20012.81,22832.89,20134.56,25134.78,28698.11,37357.43,41178,46456.58,50799.58,49274.56,25820.97,27240.97,104555.85,78149.11,93980.28,79839.56
Bermuda,Freshwater & diadromous fish,Total food supply,Tonnes - live weight,0,0,0,0,0,0,0,0,0,0,0,0,0,0,0,0,0,0,0,0,0,0,0,0,0,0,0,0,0,0,0,0,0,0,56.8,99.47,40.9,30.67,80.33,53.87,59.71,24.01,30.65,46.64,65.12,85,139.64,81.14,387.48,251.49,299.91,254.15,334.86,323.08,227.46,161.86,180.84
Bhutan,Freshwater & diadromous fish,Total food supply,Tonnes - live weight,100,100,150,150,150,150,150,150,150,150,150,150,150,150,150,150,150,150,150,150,145,140,135,130,125,120,115,125,117,131,130,125,115,110,105,100,95,90,85,80,75,70,65,70,409,590,598,681,771,863,988,1451.7,1473,1564,1536,1597,1638
Bolivia (Plurinat.State),Freshwater & diadromous fish,Total food supply,Tonnes - live weight,500,1300,1400,1900,1800,1700,1500,1300,1200,1100,1300,1500,1500,1050,1050,1250,1550,1550,3650,4179,5417,3905,3905,3905,3770,2776,3125,3145,3954,3738,3459,3547,5533.54,5208.22,5833.15,5952.74,5574,5595.29,6509.87,6381.44,5808.51,6252.22,6721.01,6166.4,5945.4,5666.23,5443.4,6423.51,7373.11,7102.55,7517.54,7789.98,8340.27,8453.13,10107.18,10351.3,10603.45
Bosnia and Herzegovina,Freshwater & diadromous fish,Total food supply,Tonnes - live weight,0,0,0,0,0,0,0,0,0,0,0,0,0,0,0,0,0,0,0,0,0,0,0,0,0,0,0,0,0,0,0,200,200,200,200,252.86,276.9,273.28,477.71,412.67,772.2,4997.8,6387.68,5569.11,5704.74,5654.47,5948.3,5870.22,5605.68,5521.33,2978.36,4083.07,4235,3919.27,4803.94,4788.58,3972.41
Botswana,Freshwater & diadromous fish,Total food supply,Tonnes - live weight,400,500,500,500,500,600,600,800,800,800,1100,1200,1200,1200,1200,1600,1500,1000,1000,1250,1450,1400,1250,1500,1500,1700,1900,1900,1794.42,1338.33,1709.05,867.58,840.41,680.42,332.82,321.08,1478.35,922.86,157,403.53,379.29,536.72,273.1,296.35,284.58,199.87,248.78,143.08,279.68,158.64,383.47,775.7,736.91,1125.43,340.6,261.71,298.95
Brazil,Freshwater & diadromous fish,Total food supply,Tonnes - live weight,57500,63500,65500,87800,90500,84800,88100,97600,103700,83803.08,78616.69,72851.38,77845.31,156323.23,164357.93,135853.73,158514.66,160123.22,119826.79,177794.61,187215.53,186209.75,179579.11,196446.57,193070.12,205475.7,217244.65,190686.77,203646.9,193468.22,191512.8,190387.85,197136.33,193215.89,232450.93,277213.53,260114.14,267062.61,299869.46,335694.5,376270.67,421593.87,405746.33,438373,436376.16,456119.09,470336.49,537805.05,562497.14,608517,625557.62,733901.74,803680.11,952448.94,904051.27,913618.42,942583.73
Brunei Darussalam,Freshwater & diadromous fish,Total food supply,Tonnes - live weight,0,0,0,0,0,0,0,0,0,0,0,0,0,60,70,276.41,241.38,241.16,208.36,267.17,290.01,439.54,440.62,295.62,424.44,194.06,89,89,86,90,86,24,1090.86,2363.16,1283.89,1224.78,1775.08,1559.05,535.36,122.56,1658.87,1577.73,1363.09,1493.43,566.86,457.26,202.67,993.06,520.07,475.98,225.21,376.26,1381.58,1997.59,1717.21,1805.4,1850.28
Bulgaria,Freshwater & diadromous fish,Total food supply,Tonnes - live weight,1100,1200,1000,5700,6000,5100,8500,6500,7914,8304,6459,7033,7993,8621,8460,8286,9130,8696,11001,12450,13246,15629,13788,15674,11970,14487,13839,13154,13127,9493,9269,8023.5,8078.53,6618.14,1453.41,2906.5,7029.1,6551.48,10008.41,4372.68,4431.99,2228.55,3422.51,2648.19,2654.99,6276.35,6337.86,9902.13,15620.09,17870.8,12258.52,13566.29,18747.03,15275.38,15903.83,15386.22,13850.94
Burkina Faso,Freshwater & diadromous fish,Total food supply,Tonnes - live weight,2600,4785.71,9000,8642.86,6928.57,8285.71,8250,7937.5,7937.5,5000,5000,4000,5000,5000,5000,6000,6000,7000,7000,6500,7500,7000,7214,7374,7433,7630,7826,7907,8006,7006,7005,7505,7000,8021.7,8013.86,8040.86,8072.95,8378.86,7697.3,8584.71,8529.96,8521.55,9027.53,9006,8351.4,8045.91,7723.92,7842.88,7160.88,11194.31,12261.01,17582.46,18342.09,18730.19,18990.37,21347.72,22359.94
Burundi,Freshwater & diadromous fish,Total food supply,Tonnes - live weight,5300,7200,10600,9700,20200,16600,12300,15000,15600,13300,16900,7500,8500,10982,14547,20331,18899,15681,11249,14767,11880,12131,11366,11362,11371,11860,12032,11701,10787,17425,21044,24123,17050,22050,21149,3099.23,20369.77,13474,9253,17370.56,9019.33,11044,14745,13901,13442,13017.86,11358.4,18303,12663.19,17351.94,10889,12586.33,13541.98,16173.61,21468,23199.22,20430
Cabo Verde,Freshwater & diadromous fish,Total food supply,Tonnes - live weight,0,0,0,0,0,0,0,0,0,0,0,0,0,0,0,0,0,0,0,0,0,0,0,0,0,0,0,0,0,0,0,0,0,0,0,0,0,1.54,2.54,4.4,3.08,1,3,1,2,2,4.86,6.86,14.97,18.36,50.71,83.68,79,111.71,84,107.64,254.64
Cambodia,Freshwater & diadromous fish,Total food supply,Tonnes - live weight,13600,16600,25500,30900,36500,33800,34300,39900,42200,31800,54800,65696.97,73600,73700,73800,73804,73811,30025,21953,18406,50580,65500,58517,56613.12,59232.75,66043.76,64526.21,65246.48,54704.2,70098.07,80137.16,43231.13,42878.99,44751.66,57360.5,47465.76,47146.55,46973.96,198896.54,212775.26,361387.97,324269.46,273517.16,229519.15,301187.14,427978.87,407328.98,381225.86,413540.68,432373.33,487688.53,491683.37,514635.32,510412.55,518533.11,528370.36,541757.26
Cameroon,Freshwater & diadromous fish,Total food supply,Tonnes - live weight,28200,24900,23700,22500,26300,31100,33200,33200,34000,27810.64,21478.79,18100,17100,13904.08,13406.61,13655.08,14237.67,9211,15534.71,18024,16556,15655,15020,10097,130,2635.69,146.54,12833,20473,19910.84,22071.01,22057,23046.65,27094.21,29673.89,32393.49,39896.3,43718.77,48865.42,54966.05,52546.89,65346.68,55418.44,65434.22,75435.52,75455.06,74948.87,75273.89,75579.32,68610.43,61613.5,54856.86,56226.15,59843.08,58951.4,37485.32,41937.99
Canada,Freshwater & diadromous fish,Total food supply,Tonnes - live weight,57050.89,78035.61,46876.57,39493.01,43097.45,56592.76,40107.47,50160.53,52842.6,67846.12,62467.12,52872.54,52875.26,51720.44,20993.9,54513.12,68007.09,65170.78,55461.25,62162.78,62009.18,53963.38,63426.78,30830.8,61398.19,46310.26,51936.4,115114.87,130928.76,100550.91,111025.04,97203.91,71985.18,71647.7,104418.51,65129.88,73286.37,74138.62,90701.39,115984.47,95320.06,94935.4,126077.94,97024.2,88166.6,104013.72,124345.89,118948.72,134373.78,112179.86,138408.74,163676.37,188738.32,182313.05,194247.64,186538.92,195921.96
Cayman Islands,Freshwater & diadromous fish,Total food supply,Tonnes - live weight,0,0,0,0,0,0,0,0,0,0,0,0,0,0,0,0,0,0,0,0,0,0,0,0,0,0,0,0,0,0,0,0,0,0,0,0,0,0,0,0,0,0,0,4,0,0,1,2,24,18,13,6,3,1,0,1,17.36
Central African Republic,Freshwater & diadromous fish,Total food supply,Tonnes - live weight,2000,2100,2500,2500,3000,4000,5000,5000,6000,7000,8300,8000,10000,11883,8349,10482,13032,13047,13064,13080,13094,13111,13128,13309,13288,13193,13088,13079,13082,13105,13605,13338,13580.15,13762.78,13960,14150,14354.61,14580,15207,15117,17126.54,19125,21128,23129.11,25126.54,27140,29177.78,31140,33140,35140,35158.15,32140,30140,29140,28152.31,29237.78,29286.22
Chad,Freshwater & diadromous fish,Total food supply,Tonnes - live weight,13500,6000,6000,8000,10000,15000,6600,11600,12400,15000,18000,18500,18800,17400,13900,14631.58,16625,18312.5,18416.67,17000,14714.29,11928.57,12464.29,14282.61,15756.1,17181.42,19061.38,21154.66,22719.44,24807.69,30291.67,34940.79,39300,40902.8,42827.19,47941.26,47323.53,51300,56600,73196,74998,70000,71000,74001.59,76985.6,79007.82,81546,85018.32,87968.88,90957.48,94946.51,99941.09,119961.75,120006.93,100058.38,109989.26,107401.8
Chile,Freshwater & diadromous fish,Total food supply,Tonnes - live weight,0,0,0,0,0,0,0,0,0,0,0,0,0,0,0,0,0,0,2.5,5,1,252.14,140.14,171.42,271.83,444.16,835.64,1389.25,3481.57,4020.57,9328.79,8896.16,8422.68,11294.2,20367.44,22143.24,7763.24,6515.12,7362.64,6147.39,3321.88,3623.94,2521.79,3236.18,2628.87,2381.64,2784.76,2139.2,3224.31,3564.23,7069.78,15903.2,10920.11,15528.55,14770,12642.17,24491.74
China,Freshwater & diadromous fish,Total food supply,Tonnes - live weight,700000,700000,700000,673750,773400,769400,768800,769850,768250,886676,860036,853942,938827,940596,968430,998683,1019474,1008628,1067497,1178218,1304539,1491646,1771910,2184562,2782224,3383439,3948775.43,4420883.71,4759763,5084106,5356757,6007491.77,7218919.04,8487598.74,9688333.95,11151686.05,11605922.83,11838759.44,12162886.99,12130654.45,12992248.6,13538964.75,14112009.21,14446723.88,15524581.28,16728548.38,17470969.85,18241037.6,19489124.64,20500968.96,21240922.38,21427136.15,22739341.53,23474906.89,24301459.12,25149030.32,25333612.94
"China, Hong Kong SAR",Freshwater & diadromous fish,Total food supply,Tonnes - live weight,11507.69,13607.69,17807.69,30536.26,30815.38,34691.21,35945.32,35108.92,33895.6,28330.77,35983.02,37173.74,37755.77,35307.08,39173.61,37418.82,35051.43,37100.32,43566.03,46671.48,49713.89,51653.83,53992.46,48002.41,45643.19,50563.44,47366.82,43879.11,42175.36,52925.58,51631.42,35495.33,25780.67,36293.72,33561.56,34576.7,47141.74,48796.42,47641.47,55309.46,54360.21,58404.4,46118.52,49080.46,38838.72,49821.65,45005.04,52112.85,60125.76,67027.84,63083.77,97815.32,112512.08,118461.03,134330.37,108009.96,97652.16
"China, Macao SAR",Freshwater & diadromous fish,Total food supply,Tonnes - live weight,0,0,0,0,0,0,0,0,0,0,0,0,0,0,0,0,0,0,0,0,0,0,0,0,0,0,0,0,50,22.11,3016.33,3716,3365.11,3441.65,3640.14,3679.25,135.54,155.08,3661.05,3957.3,4449.05,3892.4,4550.09,4366.47,4139.36,4249.44,3789.3,3607.58,3720.75,3908.7,4247.73,7328.59,7339.27,8615.19,8991.89,8921.34,9558.62
Colombia,Freshwater & diadromous fish,Total food supply,Tonnes - live weight,19500,21500,22500,25300,25900,28000,23700,21000,26600,33200,19300,83103.67,73100,37234,42075,51437,42174,56612,48535,46903,47719,49000,45361.46,54024,48558.08,55990.69,62152.61,50707,38763,38361.15,24955.62,48275.92,47175.08,54428.04,58785.1,53923.6,59654.12,64292.78,75803.34,82855.13,77432.87,75137.96,78751.99,74601.64,66385.52,72148.7,74725.54,76288.26,82785.42,84090.86,94593.16,148961.79,158331.64,166342.52,165575.29,174015.45,176901
Comoros,Freshwater & diadromous fish,Total food supply,Tonnes - live weight,0,0,0,0,0,0,0,0,0,0,0,0,0,0,0,0,0,0,0,0,0,0,0,0,0,0,0,0,0,0,0,0,0,0,16,0,2.22,0,0,0,0,0,0,0,0,0,0,0,0,0,0,94,67,0,0,51.11,35.56
Congo,Freshwater & diadromous fish,Total food supply,Tonnes - live weight,8071.43,7714.29,8571.43,8857.14,8357.14,8785.71,8928.57,9714.29,10142.86,8714.29,8714.29,10440,9723.33,9142.86,11285.71,9001,9001,10001,10000,11000,12000,12000,13548,13547,13600,14091,15384,19600,24133,26257,27207,21245.19,27626.65,23917.39,26267.14,26004.38,19091.71,25599.44,25454.5,25530.54,26396.83,29571.47,31477.31,32297.16,32680.28,31138.07,30405.3,29538.77,28682.19,30872.48,33571.87,38299.47,36385.74,42706.34,41440.44,43738.52,42598.65
"Congo, Dem. Rep. of the",Freshwater & diadromous fish,Total food supply,Tonnes - live weight,79972.79,79000,66000,74923.08,72405.23,86070.06,100862.15,126619.25,134600,128790.29,117200,114500,147700,116946.42,100000,110000,104600,107600,114200,101800,102000,100000,101000,146400,146400,154500,160000,160000,164000,160000,162750,184770,193289,152767,155349,159637,159367,175920,206503.22,242911.94,230279.64,236787.28,233671.15,234929.21,233867.3,233738.33,233084.84,231155.67,229263.79,223830.9,220166.7,224091.4,234872.85,242162.84,242238.54,242757.26,251889.29
Cook Islands,Freshwater & diadromous fish,Total food supply,Tonnes - live weight,0,0,0,0,0,0,0,0,0,0,0,0,0,0,0,0,0,0,0,0,0,0,0,0,1,0,0,0,0,0,0,0,0,0,0,0,0,0,0,1,0,0,0,0,1.11,0,2,9.12,2,2,2,7.58,7.58,25.36,70.02,10.75,7.54
Costa Rica,Freshwater & diadromous fish,Total food supply,Tonnes - live weight,0,0,0,0,0,0,0,0,0,0,0,0,0,40,50,60,61,61,100,350,400,455,523,396.31,383,383,460,487,479,561,1764,1789,3130,3797.34,4782.52,5427.98,4663.62,6354.7,7705.81,4160.74,4146.22,11389.26,15640.76,18431.23,17516.09,13842.23,20989.83,23570.79,22964.25,22651.74,23422.17,22544.55,28137.51,32331.71,31850.32,31583.04,33385.6
Croatia,Freshwater & diadromous fish,Total food supply,Tonnes - live weight,0,0,0,0,0,0,0,0,0,0,0,0,0,0,0,0,0,0,0,0,0,0,0,0,0,0,0,0,0,0,0,2906.11,2706.43,3580.02,3336.99,1938.94,2593.53,2728.38,2953.68,3196.85,3755.76,3181.24,3057.13,3394.91,4277.8,4654.16,4317.39,5414.91,6444.52,7516.76,7742.8,6342.69,5976.01,6134.84,6026.03,5196.39,5397.98
Cuba,Freshwater & diadromous fish,Total food supply,Tonnes - live weight,0,923.08,461.54,0,0,0,0,100,100,200,200,100,210,550,1100,1100,1200,2300,4300,5819,8895,11850,12876,14852,15539,15839,16731,14850,17959,21971,20204,23743,21831,24621,28962,44709,41876,40707,41967.82,31843.7,24836.74,25958.82,26984.84,28727.7,21072.54,23435.9,36054.48,35217.57,33945.1,29022.38,22609.02,24054,26661.86,28581.75,29411.59,26226.68,27701.33
Curaçao,Freshwater & diadromous fish,Total food supply,Tonnes - live weight,0,0,0,0,0,0,0,0,0,0,0,0,0,0,0,0,0,0,0,0,0,0,0,0,0,0,0,0,0,0,0,0,0,0,0,0,0,0,0,0,0,0,0,0,0,0,0,0,0,0,137.42,322.36,369.15,184.53,215.91,351.14,65.06
Cyprus,Freshwater & diadromous fish,Total food supply,Tonnes - live weight,0,0,0,0,0,0,0,0,0,0,0,0,0,41,31,31,31,31,31,31,36,46,69.14,81.86,80.71,81.71,59.43,79.71,492.8,652.99,544.22,469.76,523.97,371.14,533.99,420.08,372.53,379.02,493.12,354.16,567.41,760.49,720.74,1221.99,1323.03,1961.37,2768.06,3721.29,4696.42,6103.82,6566.89,6241.62,6166.27,6554.75,6333.26,6359.85,5775.46
Czechia,Freshwater & diadromous fish,Total food supply,Tonnes - live weight,0,0,0,0,0,0,0,0,0,0,0,0,0,0,0,0,0,0,0,0,0,0,0,0,0,0,0,0,0,0,0,0,14336.18,10318.12,14041.55,14557.86,14929.88,13673.33,16565.79,17032.57,16936.52,17111.49,19072.88,18391.58,20900.76,22559.72,26811.92,38304.42,43299.48,38261.21,36366.59,30790.64,31697.15,29118.25,28988.8,26632.97,26552.19
Czechoslovakia,Freshwater & diadromous fish,Total food supply,Tonnes - live weight,10733.69,10722.69,10396.69,11381.69,12005.69,12525.69,12627.85,14649.69,14937.69,14440.16,15120.65,16675.12,16676.64,16946.91,18053,18425,19011,18042,17668,16810,17671,19084,20486,23188,23813,25534,25253,25637,25232,26630,26346,28485,0,0,0,0,0,0,0,0,0,0,0,0,0,0,0,0,0,0,0,0,0,0,0,0,0
Côte d'Ivoire,Freshwater & diadromous fish,Total food supply,Tonnes - live weight,12526.81,7985.39,9423.96,6586.81,13301.1,14714.29,12739.67,13926.81,15875.71,16953.96,13785.71,10286.43,6245.43,5911.71,9028.57,6649,3954.43,3514.43,13683.43,17341.86,18114.43,20457,20732.71,20600,24608,26816.71,25516.14,27248.71,30314.14,20608.71,21201.86,14567,13178,15523,11509,12828.08,12800.22,13671.01,11934.32,11863.48,11220.3,21402.73,21984.05,6295.38,14561.46,7819.81,5010.3,6926.12,7492.73,8384.79,9853.06,11455.65,11188.59,12413.22,45537.86,66396.78,64112.69
Denmark,Freshwater & diadromous fish,Total food supply,Tonnes - live weight,4053.85,2953.85,2907.69,3507.69,4007.69,8407.69,9807.69,10707.69,4420,2000,7133.33,3866.67,4811.14,2914.33,2957.92,2217.82,2158.75,2417.69,1921.8,2545.16,1406.05,1725.87,2833.75,2180.08,5000.64,1495.21,1808.29,7941.8,8820.89,11663.28,13853.61,11008.89,8278.89,16263.14,22973.31,22138.82,7252.64,8906.5,8922.14,17217.96,11538.31,5983.85,8548.38,14079.18,23207.17,18383.96,12002.68,21197.28,14552.89,13104.51,7981.37,8307.57,8530.8,10350.56,8673.36,8628.64,12429.98
Djibouti,Freshwater & diadromous fish,Total food supply,Tonnes - live weight,0,0,0,0,0,0,0,0,0,0,0,0,0,0,0,0,0,0,0,0,0,0,0,0,0,0,0,0,0,0,0,0,0,0,0,2.86,7.94,1.54,0,0,0,3.08,74.81,0,8.57,1.54,7.47,20.01,24.86,5.71,2.86,21.76,10.11,15.11,23.61,31.43,19.64
Dominica,Freshwater & diadromous fish,Total food supply,Tonnes - live weight,0,0,0,0,0,0,0,0,0,0,0,0,0,0,0,0,0,0,37.14,0,0,0,0,0,0,0,0,0,0,0,0,2,2,1,3.54,2,3.54,206.94,2,9.4,9.54,12.86,11.54,18.08,26.51,27.27,21.54,23.08,21.54,11.54,5,5,8.86,385,76.94,38.76,123
Dominican Republic,Freshwater & diadromous fish,Total food supply,Tonnes - live weight,200,300,500,500,500,600,300,400,300,200,500,1000,300,357,597,618,423.62,545.31,1093.85,2551.31,2836,1771.77,1898,1030,1280,870,1853,1247,1934.38,1440,1263,1574,2444,6372,3955.27,633.22,1691.6,1931.32,1836.27,1946.05,3864.09,5544.42,3919.78,3951.68,2593.83,3330.68,2209.08,3199.07,1922.65,2066.23,3583.3,9072.54,8069.13,11528.92,10830.61,11290.73,11360.95
Ecuador,Freshwater & diadromous fish,Total food supply,Tonnes - live weight,0,0,0,0,0,0,0,0,0,0,0,0,0,0,0,0,0,0,157,206,326,524,845,994,867,900,1098,962,962,1061,1616,3045.15,4734.08,665,916.49,776.7,2113.58,2644.47,4893.29,9613.67,10763.98,12473.49,18098.62,16908.57,18002.19,16938.87,9674.43,6268.17,9776.06,23504.34,24025,15738.83,8403.68,17610.4,10920.63,18581.59,23095.24
Egypt,Freshwater & diadromous fish,Total food supply,Tonnes - live weight,55200,55000,60400,90700,62900,71800,55000,52000,52000,53700,53200,55000,65700,68700,75000,69624,72722,75000,93650,105546,104810,128102,127693,133989,168298,181813,165711,208049,193973,212781,233256,233445,230591,251582.6,278327.01,290156.16,303635.86,360737.27,404640.89,460051.69,500802.81,513179.09,577331.78,574608.15,575028.31,567001.88,576979.93,670523.83,708372.99,982766.68,1049270.05,1048911.18,1142755.25,1168023.07,1170490.65,1326057.17,1360341.2
El Salvador,Freshwater & diadromous fish,Total food supply,Tonnes - live weight,1300,1300,1000,900,1600,1300,1300,1000,1000,800,800,800,900,1544,869,1146.08,1628.62,1515.08,1719,1818,1019,551,795,1675,2806,1865,1695,712,4033,3562,4359,5151,4288,2856.75,4119.7,2944.47,2919.69,2790.96,3014.32,3125.54,2186.64,3465.7,3664.45,4173.33,4129.39,4820.19,6044.23,7637.45,7216.76,6462.22,6499.56,5857.69,3360.08,2328.25,6503.97,8570.76,8716.23
Equatorial Guinea,Freshwater & diadromous fish,Total food supply,Tonnes - live weight,0,0,0,0,0,0,0,0,0,0,0,0,0,0,0,0,0,0,0,0,0,0,0,400,400,450,400,400,400,400,350,370,600,700,450,900,850,970,1113.86,1076,1025,962.43,901,856.71,888.21,993.86,1275.69,1925.54,1927.58,1402.58,2007.75,2337.15,2886.7,2523.58,1997.83,1654.48,1854.67
Eritrea,Freshwater & diadromous fish,Total food supply,Tonnes - live weight,0,0,0,0,0,0,0,0,0,0,0,0,0,0,0,0,0,0,0,0,0,0,0,0,0,0,0,0,0,0,0,0,0,0,2,0,2,3,1,5,34.54,16,4,1,15,45,0,0,15.26,26.83,10,3,5.5,5.5,3,3,3
Estonia,Freshwater & diadromous fish,Total food supply,Tonnes - live weight,0,0,0,0,0,0,0,0,0,0,0,0,0,0,0,0,0,0,0,0,0,0,0,0,0,0,0,0,0,0,0,5585,3539,2309.24,3835.88,4590.5,4675.72,5617.41,4767.33,5086.86,4969.43,7637.48,5531.82,2478.54,3352.2,4045.37,4730.28,3986.8,3598.15,3387.68,1591.34,1948.03,1864.89,1779.3,1596.85,1492.3,1799.94
Eswatini,Freshwater & diadromous fish,Total food supply,Tonnes - live weight,0,0,0,0,0,0,0,50,50,50,50,50,50,50,50,50,53,44,60,70,70,80,80,90,90,100,100,110,110,110,105,100,110,120,138,138,3384.8,2345.7,777.29,730.21,713.66,586.48,935.13,1142.82,896.83,906.63,823.89,448.89,667.19,740.11,636.11,394.2,421.92,508.21,346.42,309.76,292.08
Ethiopia,Freshwater & diadromous fish,Total food supply,Tonnes - live weight,0,0,0,0,0,0,0,0,0,0,0,0,0,0,0,0,0,0,0,0,0,0,0,0,0,0,0,0,0,0,0,0,4203,5319,6320,8805.14,10394,14008,15874,15699.54,15384.81,12340.69,9193.93,10028.08,9479.08,9141.04,11927.22,15829.44,15866.04,15993.81,22025.95,26755.86,36487.63,48092.45,43447.52,49212,55319
Ethiopia PDR,Freshwater & diadromous fish,Total food supply,Tonnes - live weight,0,0,0,400,500,500,500,500,500,900,300,1000,1000,1000,1500,2000,2300,2500,2800,3100,3500,3400,3500,3700,3500,3500,3500,3344,2715.08,3810.54,4145,4507,0,0,0,0,0,0,0,0,0,0,0,0,0,0,0,0,0,0,0,0,0,0,0,0,0
Falkland Is.(Malvinas),Freshwater & diadromous fish,Total food supply,Tonnes - live weight,0,0,0,0,0,0,0,0,0,0,0,0,0,0,0,0,0,0,0,0,0,0,0,0,0,0,0,0,0,0,0,0,0,0,0,1,1,1,1,2.11,2,3.22,1,4.76,1,1,10,17.86,15.08,9.21,8.86,26.36,1,3.5,13.5,8.5,1
Faroe Islands,Freshwater & diadromous fish,Total food supply,Tonnes - live weight,0,0,0,0,36,0,0,0,0,0,5,10,25,50,60,47,48,68,11,108,880,1,123,131,233,318,5,102,301,541,330.53,667,513,196.04,211,343,240,6.46,1179.53,1119.48,838.5,1387.39,993.01,1236.97,461.53,292.04,190.79,908.54,681.68,1209.04,1107.25,1243.01,1122.25,973.61,1066.33,1146.71,1206.36
Fiji,Freshwater & diadromous fish,Total food supply,Tonnes - live weight,0,0,0,0,0,0,0,0,0,0,0,100,100,56,61,57,57,80,117,200,118,119,122,154,118,95,337,87,344.25,388.72,47.17,141.69,8.83,140.79,127.49,308.45,327.49,539.8,672.86,2145.82,2835.43,762.36,82.95,146.08,167.77,317.43,462.88,574.17,355.46,330.53,997.64,129.44,202.92,97.84,157.1,188.63,379.6
Finland,Freshwater & diadromous fish,Total food supply,Tonnes - live weight,29717.88,31184.07,30029.83,25272.48,25064.13,26602.65,27594.71,29989.51,28943.85,28005.23,31091,32319.54,29827.35,36952.74,37796.64,40130.82,37767.24,46415.24,40325.87,36007.76,41873.18,36989.03,37293.76,38485.93,34954.83,38461.98,36143.52,27289.69,29362.62,41952.52,46381.99,40201.9,45144.93,43714.39,54593.16,51031.27,56777.17,51674.11,60613.91,37528.52,48723.25,56974.37,61825.83,68892.43,61895.07,61957.69,78624.89,77381.95,71271.09,71049.52,80130.87,83723.46,91483.92,100606.25,97183.84,93481.47,97502.29
France,Freshwater & diadromous fish,Total food supply,Tonnes - live weight,8738.46,10953.85,13946.15,16492.31,18884.62,21346.15,24866.54,25810,24426.47,26953.83,31851.79,35358.79,36400.34,33280.54,39944.08,35461.45,37292.14,40074.24,47824.41,50654.5,54325.72,56317.66,60906.73,63090.98,64811.28,88161.57,100107.08,104234.04,119847.57,145440.84,158465.97,164641.9,160485.71,166669.93,175402,193767.33,201622.22,194366.56,207424.89,198963.83,214422.63,205948.9,212994.76,224847.02,233240.99,247278.94,255230.61,254961.3,275554.79,280405.07,275235.8,287890.05,273571.36,258328.45,257052.49,253516.57,256839.47
French Guiana,Freshwater & diadromous fish,Total food supply,Tonnes - live weight,0,0,0,0,0,0,0,0,0,0,0,0,0,0,0,0,0,0,0,0,0,0,0,0,0,0,0,44.38,29.05,4.19,33.02,37.22,29.2,75.71,48.31,0,0,0,6,6,12,23,32,32,32,32,30,3,82,80,101,114,87,89,89,84,79
French Polynesia,Freshwater & diadromous fish,Total food supply,Tonnes - live weight,0,0,0,0,0,0,0,0,0,0,0,0,0,0,0,99.92,71.11,101.45,145.03,155.57,143.23,147.32,111.49,136.05,111.86,0,0,1,170.42,3,3,127.41,162.95,148.25,169.35,185.36,242.06,236.8,219.75,250.7,229.5,318.23,213.69,288.64,306.37,314.47,313.63,250.34,236.73,270.46,271.81,555.44,399.68,463.62,423.28,321.25,310.54
Gabon,Freshwater & diadromous fish,Total food supply,Tonnes - live weight,1000,1300,1300,1300,1300,1300,1500,1500,1500,1800,1800,1800,1800,1800,1800,1806.15,1802.54,1805.54,1801,1801,1804.54,1805.08,1804.54,1805.54,1804,2037.69,1907,1903,1902,2019.89,2025.2,2014.91,3554.2,4552.33,7680.86,10095.76,10008.9,9166.9,10977.41,11437.58,10304.4,9713.54,9895.41,8772.97,10241.6,9938.93,10320.8,10796.27,10828.98,11023.59,12056.98,12475.68,11882.78,15430.48,14910.83,17828.08,12080.67
Gambia,Freshwater & diadromous fish,Total food supply,Tonnes - live weight,1800,1800,1800,1800,2200,2200,2200,2200,2200,2700,2700,2700,2700,2700,2700,2700,2700,2700,2700,2721,2763,2728,2722,2751,2706,2712,2705,2702,2722,2364,1665,1978,2055,2405,2394,2573.97,2244.71,2517.02,2594.71,2185,2532,2571,3048.86,3585,3882,4501,4444.76,3570.98,4437.1,4276.32,4768.68,4926.25,4515.89,3292,3149,2483,1280.8
Georgia,Freshwater & diadromous fish,Total food supply,Tonnes - live weight,0,0,0,0,0,0,0,0,0,0,0,0,0,0,0,0,0,0,0,0,0,0,0,0,0,0,0,0,0,0,0,1235,1129,244,247,183.67,197.56,292.86,465.33,237.43,199.08,149.44,487.09,655.25,829.05,834.24,1707.86,2535.99,2191.38,1853.93,2063.01,5300.36,5774.08,7518.03,4305.51,4728.47,4710.14
Germany,Freshwater & diadromous fish,Total food supply,Tonnes - live weight,27570,27720,30180,33130,33890,37150,38100,41560,45814,52888.54,64479.43,63764.13,63154.97,66941.09,72483.14,69459.18,70313.96,75756.05,76186.77,84701.29,83262.22,79405.34,84738.76,85293.45,87912.51,91402.62,95589.06,105634.33,114938.75,117485.96,119727.05,133429.99,141683.18,170386.28,176957.22,189840.82,202309.86,200445.77,203060.75,175940.27,215799.14,202603.21,226962.69,231324.15,282255.28,286601.03,306792.99,314849.08,364427.82,350003.05,341454.35,329439.52,356679.94,387235.25,371774.73,389487.07,365146.41
Ghana,Freshwater & diadromous fish,Total food supply,Tonnes - live weight,20200,17560,13360,9280,11000,11250,10900,11075,25391.53,33851.99,43936.75,37201.09,47948.97,45333.16,47712.58,56868,47846,45547,43641,44565,44365,45940,48427,46756,51259,60232,65816,62311.57,61950.14,65045.14,64424,61381,55451.43,58010,63606.71,82885.85,76008.78,80635.1,80813.75,84555.95,87348.11,89082.09,82657.44,81081.08,81415.29,90107.9,95758.67,96455.77,100684.45,104173.29,114649.93,122860.41,125808.13,131789.52,148938.92,148615.74,151246.85
Greece,Freshwater & diadromous fish,Total food supply,Tonnes - live weight,10290,9390,9450,9530,8620,8630,8800,7860,7950,8040,6975,8080,8730,7600,9791,9319,10370,11003,10551.33,10781,10881.8,11158.22,11277.67,9853.59,8722.66,10344,10805.34,6773.22,6929.88,7692.78,6403.1,6212.89,8467.2,11001.55,12266.38,17472.36,15647.34,32977.56,11393.59,14572.43,24187.19,14994.68,13333.33,14106.75,18777.95,22469.44,25415.37,27117.22,24487.18,28417.05,22024.02,21656.4,21950.87,25278.25,21486.65,23379.75,20856.07
Greenland,Freshwater & diadromous fish,Total food supply,Tonnes - live weight,100,170,344,109,405,201,304,3,6,109,204,6,147,0,14,0,6,4,11,5,5.86,82.78,57.86,63.71,98.57,235.57,151.71,4,3.86,94,246.86,79.86,55.57,36.14,130.68,147.43,112,73.14,21.97,67.02,100.36,37.94,55.25,45.15,56.12,89.33,52.54,57.11,81.97,74.15,108.66,79.13,673.26,139.07,183.2,135.26,278.83
Grenada,Freshwater & diadromous fish,Total food supply,Tonnes - live weight,0,0,0,0,0,0,0,0,0,0,0,0,0,0,0,0,0,0,0,0,0,0,0,0,0,0,1.54,1.54,0,0,1.54,0,0,0,1.54,1.54,4.4,8.79,10.55,9.01,5.93,14.95,18.9,18.27,10.01,17.59,33.64,24.43,21.34,2.54,0,5,14.57,9.51,4.97,7.97,10.01
Guadeloupe,Freshwater & diadromous fish,Total food supply,Tonnes - live weight,0,0,0,0,0,0,0,0,0,0,0,0,0,0,0,0,0,0,0,0,0,0,0,0,0,0,0,60.05,38.73,11.09,62.94,68.87,96.74,80.15,83.25,0,0,0,0,0,0,2,4,4,0,0,0,1,1,1,4,4,4,4,4,2,2
Guam,Freshwater & diadromous fish,Total food supply,Tonnes - live weight,0,0,0,0,0,0,0,0,0,0,0,0,0,0,0,0,0,0,36,41,70,41,36,45,85,142,180,205,210,212,174,177,191,191,191,193,193,199,198,200,200,200,150,150,150,150,150,150,128,117,100,100,100,100,100,100,100
Guatemala,Freshwater & diadromous fish,Total food supply,Tonnes - live weight,200,300,300,200,200,300,300,200,400,400,500,400,500,528,550,580.15,604.62,581.54,622.69,404.62,422.62,763.85,52,89,117,194,631,598,700,2766,3013,4280,4592.62,4191.95,4900.7,6077.41,6691.09,8271.22,10490.56,9315.23,8691.29,8009.23,7356.99,5128.66,4945.8,5469.67,5772.37,5670.03,5507.2,4226.74,8263.14,9185.74,8991.26,10617.95,11340.97,13013.33,13895.93
Guinea,Freshwater & diadromous fish,Total food supply,Tonnes - live weight,600,600,600,800,800,800,1000,1000,1000,1000,1000,1000,1000,1000,1000,1000,1000,1000,1000,1100,1300,1400,1600,1803,2003,2502,3002,3001,3001,3001,3501,4005,4605,3805,2972,2121,3440,3874.11,3960,2360.86,3304,3921.11,6178.51,6314.36,3390.4,5290,9233.56,11707.34,13909.38,15763.08,17874.91,20449.25,18838.04,22154.04,20526.43,24957.89,26766.03
Guinea-Bissau,Freshwater & diadromous fish,Total food supply,Tonnes - live weight,0,0,0,0,0,0,0,0,0,0,0,0,0,0,10,10,10,10,10,10,20,40,50,50,80,80,100,150,200,200,200,200,250,250,235,250,200,200,150,150,150,150,150,150,168.89,165.56,155.56,238.78,165.38,150,150.11,166.67,150,175.56,167.5,90.29,186.11
Guyana,Freshwater & diadromous fish,Total food supply,Tonnes - live weight,0,0,0,0,0,0,0,0,0,0,0,0,0,0,0,0,0,0,875,681,681,681,814,814,812,812,834,813,815,830,850,875,900,960,726,851.77,581.9,388.62,1087.87,1079.28,1128.48,1084.83,239.81,389.65,644.95,386.37,627.93,563.3,734.08,884.2,606.7,520.81,693.62,848.91,883.38,981.76,1061.92
Haiti,Freshwater & diadromous fish,Total food supply,Tonnes - live weight,100,100,100,200,200,2200,1628.57,1342.86,1342.86,300,300,2014.29,2300,2300,3657.14,300,300,300,300,300,300,300,300,300,300,300,300,300,300,350,400,500,600,500,9951.43,5655.31,4230.27,4942.86,8034.54,2006.55,2919.94,5068.13,6734,5493.11,5569.97,6521.43,9065.43,7330.62,7112.82,7619.88,4990.67,4036.97,5232.2,1638.03,7028.79,6805.11,3564.52
Honduras,Freshwater & diadromous fish,Total food supply,Tonnes - live weight,0,0,0,0,0,100,100,100,100,100,100,0,100,172,170,173.08,82.61,91.69,83.15,50.08,52,64.54,60,68.54,172.54,187.54,271.54,166,354,177,184,292,251.26,224.47,351.87,89.6,91.19,226.15,258.88,47.44,242.39,244.33,546.1,216.25,9427.4,8516.58,8821.66,544.45,988.39,10682.36,10109.24,4155.53,3313.96,3262.98,4920.75,10424.93,13430.39
Hungary,Freshwater & diadromous fish,Total food supply,Tonnes - live weight,19300,21000,22000,20400,22400,23900,25700,28100,25700,23200,22700,26000,25900,27159,28688,29341,31815,28889,28238,27033,31019,35052,39237,33877,31727,28210,30740,34315,29517,27655,19047,21522.16,17204.22,15792.47,14959.51,12960,14617.14,13798.61,16830.17,17346.42,17685.71,17045.67,17083.05,20306.6,22487.93,24088.59,25730.27,30212.63,29979.25,29324.3,31432.74,27035.41,26746.85,30315.48,28736.75,26114.77,30150.48
Iceland,Freshwater & diadromous fish,Total food supply,Tonnes - live weight,400,300,500,400,0,0,400,400,400,500,500,500,500,475,518,428,426.33,428,406,473,404,448,493,442,489,786,672,1031,994.5,574.5,1085,1351.67,1712,1199.17,1299.21,1106.5,776.62,1044.78,1517.6,1085.93,1037.79,567.66,617.04,901.33,576.15,444.33,409.19,381.98,295.7,316.27,693.74,1919.39,1528.93,2333.05,1355.02,2883.38,3394.63
India,Freshwater & diadromous fish,Total food supply,Tonnes - live weight,303642.86,373471.43,428971.43,488381.25,523500,487400,544700,630300,701700,680996,702391,679496,756498,790485,788659,806442,871416,857117,879742,912311,1019107,958640,1011706,1108848,1112164,1230144,1255634,1344283,1408502,1601595,1690901.54,1761901,1974941,2007358,2208785,2333408.5,2443307,2550964.38,2768166.72,2728742,2965998.56,2760810.57,2846076.64,3127832.27,3565782.59,3767556.44,3698942.89,4434141.69,4371187.04,5062392.31,4353650.25,5208621.47,5283508.82,5547016.69,5917762.33,6530402.75,7010789.56
Indonesia,Freshwater & diadromous fish,Total food supply,Tonnes - live weight,374700,391100,367500,399300,392600,469400,488700,426800,420500,410700,413700,422900,376334,385623,366967.46,370373.85,374321.23,379669.46,380885.23,408685.92,452148.1,449737.45,483597.71,505236.3,529271.82,564749.72,591136.31,610353.46,631906.87,670070.82,643987.36,676849.81,734842.87,770514.29,803391.43,896400.28,791875.38,822614.51,907464.7,936448.58,984296.67,1009151.69,1063069.34,1085806.24,1171260.35,1228114.3,1353473.08,1529426.05,1664818.99,2215588.09,2665743.02,2898124.56,3538591.43,3926419.02,4111910.4,4511145.06,5372010.83
Iran (Islamic Rep. of),Freshwater & diadromous fish,Total food supply,Tonnes - live weight,2300,1700,2000,1100,1400,2300,2900,1800,3400,5200,3460,2255,1811,3181,4349,6601,7655,9145.43,10300.65,12387.51,15149.04,16962.76,18557.03,22061.35,21649.93,29124.6,40456.51,43434.6,47132.53,67932.58,77769.82,80975.37,91422.08,111681,110820.79,136398,141327.58,173970.49,179656.01,163745.69,142824.43,124992.65,138367.78,147165.89,173500.47,190540.73,230229.25,217546.38,245781.54,290361.18,314143.66,374150.91,385480.14,408216.27,439093.91,480882.85,486284.59
Iraq,Freshwater & diadromous fish,Total food supply,Tonnes - live weight,8000,7900,9800,17800,16200,12800,8200,14500,19102,28500,22800,29200,17800,13146,14632,19000,17500,17500,17500,17500,17500,17000,16500,16000,15941,15564,16250,21461,20938,20475,15110,22280,21808,25026,25555,21549,23919,16611,11513,10123,16100,13900,15226.19,26090.67,39492.98,62848.64,62601.59,47486.05,40670,34363,47198.21,76221.63,75227.47,76424.57,56674.94,80310.62,80982.36
Ireland,Freshwater & diadromous fish,Total food supply,Tonnes - live weight,869.23,1684.62,1648.35,1516.48,1978.02,2078.02,1830.77,1830.77,2234.61,1623.08,1481.92,1886.92,1687.92,1897.92,1349,1845,1463.92,1578,1680.44,2274.9,2710.66,2146.21,2851.69,3108.43,3141.81,3874.92,5370.88,8463.09,11166.59,8137.89,7146.27,8836.03,8365.86,8669.9,11538.15,11151.35,6667.89,8909.72,5634.7,6120.8,6347.5,7712.06,6579.8,8785.72,12338.73,7674.51,6101.15,9122.19,8498.83,5300.03,7432.78,6343.04,8356.8,8915.63,14524.04,14630.28,17532.85
Israel,Freshwater & diadromous fish,Total food supply,Tonnes - live weight,11402,11320,12194,12726,12450,12015,11444,12527,12365,14745,15826,15991,15115,14357,15164,15365.46,16412.5,16656.42,15722.3,14353.99,13989.84,14132.91,10736.67,12395.82,13488.27,13362.64,15365.36,15675.27,15468.92,15642.15,16152.74,13971.35,14700.58,15584.13,16630.52,18974.42,19133.2,20614.96,21137.06,22369.56,21731.24,22917.76,22996.59,32597.05,28345.16,21087.29,28834.8,28606.8,31403.01,43217.1,44997.57,72194.19,70030.51,89075.72,93759.04,105868.71,114106.21
Italy,Freshwater & diadromous fish,Total food supply,Tonnes - live weight,16776.92,18230.77,19292.31,23030.08,22101.62,24358.46,23647.77,24624.38,25812.48,30838.51,31119.35,32911.5,31960.48,31296.68,30575.35,32181.93,30855.5,31849.41,35688.5,37285.97,39635.67,39753.73,40938.52,40087.1,44379.03,46222.96,53912.84,62284.71,73201.5,76312.63,83210.84,83053.55,86905.78,93310.23,88557.73,94897.1,99647.62,100191.56,95639.2,103607.86,109602.12,100829.43,113449.89,115254.93,127639.43,143428.01,164588.88,168563.75,160397.61,166346.35,173343.01,185064.03,186958.73,203636.11,224131.17,221967.69,208610.73
Jamaica,Freshwater & diadromous fish,Total food supply,Tonnes - live weight,0,0,0,0,0,0,0,0,571.43,1428.57,2000,857.14,1428.57,1428.57,1142.86,1094.51,1307.93,1137.86,277.25,265.82,321.65,974.84,529.62,750,2280.33,3191.43,2630,4005.29,3733.76,3819,3567.49,3675.29,3777.39,3869.5,3994.26,3945.99,3962.07,4053.02,4882.21,5140.06,5296.88,6941.15,3221.44,4858.24,5405.64,8224.96,6603.79,6432.9,5912.93,4657.28,2068.16,1583.86,1907.08,2930.93,2942.84,3306.37,4413.63
Japan,Freshwater & diadromous fish,Total food supply,Tonnes - live weight,155299.14,145009.37,186425.66,135446.16,144338.95,144588.58,184470.31,201044.07,225025.87,179389.77,201061.84,212736.23,262389.38,249753.25,283892.55,288868.06,327087.92,347075.51,428076.11,395852.16,452820.03,485265.48,507230.51,490438.64,595293.45,551850.75,555519.35,602467.83,650054.12,711860.98,672455.39,655688.5,767120.03,773757.04,758939.25,840597.28,760411.32,734818.01,733412.22,734878.18,797453.71,776840.23,693593.39,710101.08,649235.74,585066.54,706466.2,627928.1,664216.43,611902.99,624708.03,801107.63,749984.9,686078.98,724219.58,682901.91,646700.03
Jordan,Freshwater & diadromous fish,Total food supply,Tonnes - live weight,0,0,0,0,0,0,0,0,0,0,0,0,0,0,0,0,0,0,0,0,0,15,15,130,195,265,320,370,405,410,370,372,410,2955.92,1906.42,4692.33,2432.98,2795.11,2966.06,4055.87,2304.25,2799.67,1067.16,857,972.48,969.27,908.68,1209.02,1046.5,1141.44,1131.5,5876.01,8677.19,7517.2,8295.24,8172.42,5640.89
Kazakhstan,Freshwater & diadromous fish,Total food supply,Tonnes - live weight,0,0,0,0,0,0,0,0,0,0,0,0,0,0,0,0,0,0,0,0,0,0,0,0,0,0,0,0,0,0,0,68468,59594,36307.65,29892.47,31464.19,17166.42,13143.27,23191.53,15039.49,4380.73,3432.96,3102.38,1158.81,2684.98,938.26,3446.3,7082.59,5954.85,28571.82,21209.91,25602.13,28790.44,24685.63,23102.92,21553.48,13177.35
Kenya,Freshwater & diadromous fish,Total food supply,Tonnes - live weight,10032.22,14690.43,17163.33,17708.57,19199,21670,21660,21709.31,24798.26,29467.78,17237.13,20472.77,23313.11,24245.27,21349.83,37012,38563,41906,47765.5,42241,50312.5,72996.5,90449,84801.93,99560.6,112298,118020.62,119418,120028.7,165989.57,156890.35,120911.66,135814.5,159281.9,149522.52,138667.18,119400.29,138507.74,164392.87,172108.47,114608.14,80255.89,70577.6,80161.42,101748.39,124755.18,106270.14,117113.24,121573.9,125741.29,175532.44,150510.68,163836.09,171174.17,164818.93,138857.63,108951
Kiribati,Freshwater & diadromous fish,Total food supply,Tonnes - live weight,0,0,0,0,0,0,0,0,0,0,0,0,0,27,27,28,28,30,30,30,37,40,36,34,261,173,365,302,306,341,316,321,332,317,302,299,297,4,93,89,76,71,385,299,212,150.76,51,15,12,12,8,32,26.44,4,4,28.08,4
"Korea, Dem. People's Rep",Freshwater & diadromous fish,Total food supply,Tonnes - live weight,24000,24000,24000,24200,24300,24410,24520,24620,24730,18845,27958,32072,36188,40305,40424,45007,48002,47003,51623,54526,54395,59094,62606,61139,59121,57987,54443,50889,47215,35000,32000,31000,27767,26720,25295,23055,23587.06,19533.16,15698.89,11946,8862.17,8830.11,8839.94,8813,9485.72,8707,9094.44,9136.78,9412.67,9643.33,8830,10878.44,11757.84,7943.17,9798.33,11278,14528
"Korea, Republic of",Freshwater & diadromous fish,Total food supply,Tonnes - live weight,900,3100,4400,2100,2000,1000,2000,8000,5100,8900,6700,6000,4100,4455,3023,9645.07,16691.86,16654.02,25499.92,29834.51,40892.75,43553.18,48266.04,44334.84,49712.42,66840.71,54016.84,42556.89,47211.19,52053.47,44658.08,53493.28,38180.01,40564.81,39822.79,38262.6,48835.96,43434.99,42534.88,45996.62,51195.82,49190.49,53409.15,62895.85,54893.82,58442.71,64818.86,57427.33,54611.86,60548.63,61334.1,65461.04,66166.33,77482.52,85573.45,78484.21,89143.16
Kuwait,Freshwater & diadromous fish,Total food supply,Tonnes - live weight,100,100,100,100,100,100,200,200,200,300,300,300,300,347,349,218,294,237,51,93,195,52,98,256,122,254,385,188,666,413,236,521,501,929,1200,1150,1086,991,1059,900.23,400.69,3028.75,3600.32,3092.52,3798.72,4192.17,4082.02,790.5,5696.15,4470.38,4595.82,14139.8,8894.1,10588.39,10412.83,10780.85,10713.32
Kyrgyzstan,Freshwater & diadromous fish,Total food supply,Tonnes - live weight,0,0,0,0,0,0,0,0,0,0,0,0,0,0,0,0,0,0,0,0,0,0,0,0,0,0,0,0,0,0,0,843,350,294,392,330,275.83,264.59,189.77,128.41,360.67,298.56,183.89,98.75,144.89,226.78,360.32,679.65,479.33,563.71,758,1334.78,1503.33,2105.7,1829,2478.77,3268.57
Lao People's Dem. Rep.,Freshwater & diadromous fish,Total food supply,Tonnes - live weight,12000,15000,15000,15000,15000,18000,18000,18000,18000,20000,20000,20000,20000,20000,22000,22000,22000,22000,24000,24000,24000,24000,26000,26000,26000,26000,28000,28000,28000,28000,29000,30000,30500,35000,40250,39000,39991,40857,60407.67,71313,81020.44,93155,94734.5,94697,86560,86947.78,91791.56,93688.25,105819.6,112992.22,129569.87,136133.67,146903.33,168578.11,158560.33,170872,174901.67
Latvia,Freshwater & diadromous fish,Total food supply,Tonnes - live weight,0,0,0,0,0,0,0,0,0,0,0,0,0,0,0,0,0,0,0,0,0,0,0,0,0,0,0,0,0,0,0,2229,2305.05,1616.47,1967.95,2000.9,2263.63,2493.73,2741.17,3223.1,3925.72,3915.5,4184.32,4635.38,4764.47,4943.32,7911.41,10015.36,10675.98,9881,7724.77,6022.95,6426.18,4544.18,6733.32,3519.41,3483.53
Lebanon,Freshwater & diadromous fish,Total food supply,Tonnes - live weight,0,0,0,0,0,0,450,450,350,300,400,300,300,300,305,10,35,40,25,40,70,120,200,300,300,375,200,100,100,80,133,163,230,323,384,452.23,961.69,1757.11,1782.76,2446.57,2841.82,3273.57,4102.59,4333.33,3225.52,3283.33,3153.06,2337.03,2548.08,2444.96,3008.76,12329.65,12358.55,12422.63,9182.24,10317.36,9086.02
Lesotho,Freshwater & diadromous fish,Total food supply,Tonnes - live weight,0,0,0,0,0,0,0,0,0,0,0,0,0,10,23,27,22,24,27,23,15,19,20,13,23,25,26,30,30,30,25,33,40,40,40,42,44,38,34,88.5,129.63,232.81,96.38,77.03,57.11,69.22,195.67,171.67,124,120.08,51.62,488.92,544.81,702.62,948.08,1142.27,531.75
Liberia,Freshwater & diadromous fish,Total food supply,Tonnes - live weight,2500,2500,2500,2500,2500,3000,3000,3000,3500,4000,4000,4000,4000,4000,4000,4007.69,4007.69,4012.31,4104.61,4013,4046,4078,4064,4100,4103,4073,4121,4111,4223,4149,4033,4104,4044,4036,4006,4124,4027,4064,4243,4133,4212,4214,3870.92,3482.5,2864.86,2459.45,1942.97,836,2296,2285.36,2337.1,2554.25,2352.17,2356.47,2328.44,2393.58,2581.56
Libya,Freshwater & diadromous fish,Total food supply,Tonnes - live weight,0,0,0,0,0,0,0,0,0,0,0,0,0,0,0,0,0,0,0,0,0,0,0,0,0,0,30,30,50,70,70,80,10,10,11.11,13.33,29.44,37.78,14.44,11.11,120.56,77.78,111.8,812.82,103.33,252.22,291.62,346.41,275.73,295.56,452.18,1577.22,1076.77,1310.83,915.38,251.67,297.3
Lithuania,Freshwater & diadromous fish,Total food supply,Tonnes - live weight,0,0,0,0,0,0,0,0,0,0,0,0,0,0,0,0,0,0,0,0,0,0,0,0,0,0,0,0,0,0,0,5447,4078,2806.68,2667.28,2902.68,3738.28,3844.79,3876.35,4816.45,4859.28,4301.37,5620.49,8425.64,7633.67,8030.37,12466.67,15133.09,16652.67,13708.42,5927.22,6726.84,7548.18,7696.2,5287.46,4402.19,4544.6
Luxembourg,Freshwater & diadromous fish,Total food supply,Tonnes - live weight,0,0,0,0,0,0,0,0,0,0,0,0,0,0,0,0,0,0,0,0,0,0,0,0,0,0,0,0,0,0,0,0,0,0,0,0,0,0,0,1749.28,2185.74,1910.98,1920.35,1986.38,1642.37,1942.8,2376.56,1531.97,1565.14,1515.18,2755.7,4820.9,3935.43,4511.44,4783.48,4983.27,4844.41
Madagascar,Freshwater & diadromous fish,Total food supply,Tonnes - live weight,24747.06,26644.44,31547.62,38646.15,35745.83,36448,40550,44996.77,33347.83,34550,36448,37550,38590,39664.04,39795.8,41504,41509,41513,41527,38017,38592,37127,35468,32500,34120,40000,40000,40002,30215,30230,27654,29075,31481,32878,33172.11,32638,36096,31893.86,32249.6,32182.91,31671.02,32211.56,32282.13,33727.54,34929.26,35412,35405.22,35438.25,35643.93,38362.93,34215.92,30547.25,26617.19,25632.04,29718.88,34792.15,41340.15
Malawi,Freshwater & diadromous fish,Total food supply,Tonnes - live weight,14001.49,19199.25,21400,20900,33599.57,32200.34,29300,32800,38000,44800,58100.93,67498.91,66598.66,68177,65592.47,72593,65124.5,65538,56879,58473.63,47058.2,54212.05,64367.97,64199.67,61387.32,72386.83,87770,78273.8,70644.06,73983.95,63665.22,69452.15,67880.67,58726,53782,63748,56532.33,41311,45954.34,50447.54,41122.64,41935.85,54157.66,57211.09,60231,73598.8,67947.29,71674.99,70949.84,100917.41,85099.91,128524.54,115964.72,121056.72,146927.11,160863.37,211890.89
Malaysia,Freshwater & diadromous fish,Total food supply,Tonnes - live weight,3631,3688,4341,5202,5908,6309,6211,6708,7002,6796,9387,10178,10367,9297,9436,9738.08,8809.92,9911.15,11952.21,10677.31,18879.91,11567.13,12148.11,13102.54,22684.71,24651.88,14500.65,21468.13,22511.55,24378.11,26137.01,28999.89,34157.08,41642.32,41365.11,60764.57,63874.11,59850.97,68513.25,83243,76711.36,80191.53,83077.48,100981.7,96894.15,96164.92,106050.18,131260.86,193388.38,194080.95,161837.97,209815.81,218264.52,209657.09,210479.73,185290.02,200544.69
Maldives,Freshwater & diadromous fish,Total food supply,Tonnes - live weight,0,0,0,0,0,0,0,0,0,0,0,0,0,0,0,0,0,0,0,0,0,0,0,0,0,0,0,0,0,0,0,0,0,0,0,0,0,0,0,0,35.38,81.94,45.43,61.19,44.32,76.14,96.94,107.19,101.54,127.35,133.94,188.1,251.37,316.52,269.38,293.42,282.52
Mali,Freshwater & diadromous fish,Total food supply,Tonnes - live weight,45517.24,56517.24,54800,52000,52000,62127.27,63036.36,64690.91,67109.09,67309.09,69800,69981.82,79417.46,72110.71,66800.38,66026.6,68036.93,71026.26,79647.12,81208.41,71296.46,69093.26,60409.91,53332.7,50817.9,57352.93,54870.25,53945.47,69388.21,69405.19,67564.77,67359.16,63353.36,62113.57,132023.08,101119,94037.4,92287.08,91359.24,99585.76,89977.54,96473.11,99335,101311.11,101135,103444,94530.3,95768.11,94722,92380.11,103353,65553.68,94028,73987,81255.14,105999.84,114187.58
Malta,Freshwater & diadromous fish,Total food supply,Tonnes - live weight,0,0,0,0,0,0,0,0,0,0,0,0,0,0,0,0,0,0,0,0,0,0,0,0,0,0,0,0,0,134.12,226.23,184.34,139.12,154.97,102.18,288.47,322.92,602.43,864.69,845.36,832.92,679,664.18,635.65,749.65,689.93,736.88,1015.77,1199.44,1163.94,1647.14,1609.99,1346.75,1748.07,2136.81,2188.19,2086.33
Marshall Islands,Freshwater & diadromous fish,Total food supply,Tonnes - live weight,0,0,0,0,0,0,0,0,0,0,0,0,0,0,0,0,0,0,0,0,0,0,0,0,0,0,0,0,0,0,0,0,0,0,0,0,0,0,0,0,0,1,0,0,0,0,0,0,0,21.11,0,41.11,0,0,1,3.22,0
Martinique,Freshwater & diadromous fish,Total food supply,Tonnes - live weight,0,0,0,0,0,0,0,0,0,0,0,0,0,0,0,0,0,0,0,0,0,0,0,0,0,0,1,96.74,117.45,52.44,96.78,129.88,185.9,185.56,190.14,13,10,10,10,8,8,8,8,12,10,10,10,4,5,5,5,5,5,6,6,6,0
Mauritania,Freshwater & diadromous fish,Total food supply,Tonnes - live weight,5000,5000,5000,5000,5000,5500,5500,6000,6000,6000,6000,6000,6000,6000,6000,6000,6000,6000,6000,6000,6000,6000,6000,6000,6000,6000,6000,6000,6000,6000,6000,5000,5000,7000,8000,8000,9000,9000,10000,9980,9981,12000,11986,11980,13022,15000,15094,15000,15001,14622,14954.11,15014.56,15091.11,15021.33,15022.22,15000,15018.18
Mauritius,Freshwater & diadromous fish,Total food supply,Tonnes - live weight,0,0,0,0,0,0,0,0,0,0,0,0,0,0,0,0,0,0,0,0,0,0,0,1,4,4,4,6,7,8,10,4142.31,1575.69,589.27,298.23,195.01,592.87,924.87,242.06,560.61,613.18,720.63,666.94,177.18,114.74,192.03,358.75,325.94,240.92,351.45,181.71,571.74,891.32,955.54,1023.71,1576.57,1537.08
Mayotte,Freshwater & diadromous fish,Total food supply,Tonnes - live weight,0,0,0,0,0,0,0,0,0,0,0,0,0,0,0,0,0,0,0,0,0,0,0,0,0,0,0,0,0,0,0,0,0,0,12.86,1,15.21,2,2,14.43,15.54,15.4,19.36,16.93,36.3,22.65,22.11,22.86,28.57,38.57,0,0,0,0,0,0,0
Mexico,Freshwater & diadromous fish,Total food supply,Tonnes - live weight,6715,4000,6200,4200,4100,5500,6800,7700,7500,6100,6400,8000,11900,10840,13840,14743.33,15284.86,18015.07,28162,33041.49,82823.23,92005.23,94743.86,100732,92064.18,108056,160777.52,157111.07,156278.35,131052.47,128388.33,120730.55,123199.99,130547.6,125943.53,135553.57,134983.01,122359.84,117475.75,141215.42,137386.12,108694.7,137309.52,148262.37,147548.62,150732.2,142330.57,133854.66,136793.83,134199.43,150641.9,250035.26,396654.92,473000.13,503291.99,586532,561936.53
"Micronesia, Fed.States of",Freshwater & diadromous fish,Total food supply,Tonnes - live weight,0,0,0,0,0,0,0,0,0,0,0,0,0,0,0,0,0,0,0,3,3,3,3,3,3,3,3,3,3,5,5,5,4,4,5,5,5,5,5,15.77,5,5,5,8.54,9.44,15,5,10.56,5,5,5,5,52.5,10,6.11,5,5
"Moldova, Republic of",Freshwater & diadromous fish,Total food supply,Tonnes - live weight,0,0,0,0,0,0,0,0,0,0,0,0,0,0,0,0,0,0,0,0,0,0,0,0,0,0,0,0,0,0,0,3059,2365,1750.74,1678.1,1372.34,1364.12,1296.12,893.12,1823.32,1909.9,2479.55,3552.05,6076.74,7311.27,7843.77,8692.49,11025.52,15511.85,13395.95,13217.8,12820.52,13918.66,15901.36,15356.79,15963.18,16052.79
Mongolia,Freshwater & diadromous fish,Total food supply,Tonnes - live weight,250,250,280,280,290,290,290,300,300,300,300,300,300,300,300,300,265,494,537,346,262,184,347,370,374,412,383,281,254,124,100,120,165,184,68,1,0,1.54,0,2,140,0,0,5,7,5,6,16,15,3,1,14.5,36,32.04,26.5,126.5,79.04
Montenegro,Freshwater & diadromous fish,Total food supply,Tonnes - live weight,0,0,0,0,0,0,0,0,0,0,0,0,0,0,0,0,0,0,0,0,0,0,0,0,0,0,0,0,0,0,0,0,0,0,0,0,0,0,0,0,0,0,0,0,0,917.81,680.32,1345.71,1337.06,1183.6,1490.03,1658.42,1900.87,1878.81,1578.99,1821.89,1435.55
Montserrat,Freshwater & diadromous fish,Total food supply,Tonnes - live weight,0,0,0,0,0,0,0,0,0,0,0,0,0,0,0,0,0,0,0,0,0,0,0,0,0,0,0,0,0,0,0,0,0,0,0,0,0,0,1.54,1.54,0,0,1.54,3.08,4.19,4.19,1.54,6.15,1.54,1.54,1.54,3.08,3.08,3.08,0,1.54,1.54
Morocco,Freshwater & diadromous fish,Total food supply,Tonnes - live weight,1700,1500,1300,1900,2000,1600,2000,1800,1300,500,400,500,500,560,523,544,737,834,626,805,925,1375,1511,1584,1374,1646,1570,1290,1913,1558.25,970.71,1893.92,1449.12,1666.02,1863.7,2076.56,3105.75,2766.22,3081.27,2479.16,2246.03,2722.16,2101.81,1726.3,3574.81,3923.58,784,1170.86,2539.06,6148.24,9375.38,12176.98,16230.5,16121.15,16329.34,19176.89,17878.38
Mozambique,Freshwater & diadromous fish,Total food supply,Tonnes - live weight,1500,1500,1500,1500,2000,2000,2000,2000,2000,2500,2500,2500,3000,3000,3000,3000,3000,3000,3500,3500,3500,3500,3500,3500,3500,3772,3284,3268,3520,3515,3815,3812,4699,5041,8038,11578,15921,14313,16044,20459.95,14569.88,16906.46,19231.75,27348.5,22210.64,25349.22,23573.67,27444.41,43601.08,44939.33,73345.58,67224.38,85016.42,84734.74,94189.73,97329.25,98779.74
Myanmar,Freshwater & diadromous fish,Total food supply,Tonnes - live weight,108459.85,109440,105686.33,103230,103290,103350,108530,112920,115920,64800,65300,65300,65000,69840,66900,69160,71499,73348,78567,75826,71756,57855,66484,68684,68164,81357,55823,53225,68227,47887,47504,67235,84948.11,103768,111009,216305.86,229781.4,228001.08,238087.08,281895.11,345766.54,428753.83,512633.94,813130.67,928818.11,1148885.11,1208525.69,1349962.85,1446238.61,1549500.5,1548500.28,1644464.23,1698352.47,1652594.77,1716682.84,1741037.47,1734779.18
Namibia,Freshwater & diadromous fish,Total food supply,Tonnes - live weight,0,0,0,0,0,0,0,0,0,0,0,0,0,50,50,50,50,50,50,50,50,50,100,400,700,923,951,979,1009,1039,1070,1102,1204,1204,1205,1275.77,1506.54,1521.92,1455.5,2736.61,2014.89,1696.56,2438.29,2227.26,2629.83,3062.59,3021.16,3067.97,2950.69,2886.65,3143.49,1121.86,1956.81,2203.25,2072.07,2625.27,3540.43
Nauru,Freshwater & diadromous fish,Total food supply,Tonnes - live weight,0,0,0,0,0,0,0,0,0,0,0,0,0,0,0,0,0,0,0,0,0,0,0,0,0,0,0,0,0,0,0,0,0,0,0,0,0,0,0,0,0,0,0,0,0,1,0,0,0,0,0,1,0,0,0,0,0
Nepal,Freshwater & diadromous fish,Total food supply,Tonnes - live weight,1500,1500,1500,1600,1600,1603,1809,1818,1926,1900,2100,2200,2200,2200,2500,2800,3000,3300,3500,3654,3868,4400,4700,4860,8785,9030,10363,11854,12415,14470,15515,16540,16950,16938,21070,21879,23212.11,24707.8,25784,31697.17,33213.86,35001.11,36564.22,39958.52,42547.98,45696.41,47095.47,49419.32,48334.54,50677.86,52470.11,56314.75,57885.26,65350.83,71152.94,74186.3,79713.63
Netherlands,Freshwater & diadromous fish,Total food supply,Tonnes - live weight,6410,5208,5856,8794.29,9981.43,7010,8145,8130,8382.22,7374.29,9780,9720,8171.92,9671,11817,11574,10753.63,11358.88,12634.65,12421.03,11001.36,12162.27,12417.21,12707.27,12126.81,15018.31,14395.88,13460.99,12065.17,15925.07,15187.91,18253.84,18661.08,23678.55,35337.64,37595.03,30894.27,32733.43,20230.17,31105.48,22019.55,24296.3,21594.36,21351.31,20598.04,54444.95,50967.42,58062.16,70994.83,60482.87,32565,56673.97,52083.29,40746.78,36505.54,35228.31,16776.97
Netherlands Antilles,Freshwater & diadromous fish,Total food supply,Tonnes - live weight,0,0,0,0,0,0,0,0,0,0,0,0,0,0,0,204.62,156.92,0,0,0,0,0,0,0,81.54,112.31,64.61,113.85,35.38,41.54,75.39,76.92,23.08,20,0,98.75,146.67,508.84,117.65,99.07,278.35,88.98,177.6,264.4,563.41,869.84,871.81,778.4,973.13,1019.2,0,0,0,0,0,0,0
New Caledonia,Freshwater & diadromous fish,Total food supply,Tonnes - live weight,0,0,0,0,0,0,0,0,0,0,0,0,0,0,0,0,0,0,0,0,0,0,0,0,0,51.5,51.7,0,0,0,0,0,101.59,87.16,117.24,97.35,116.93,130.87,173.52,133.14,143.53,116.42,129.46,121.15,130.14,148.85,166.68,141.59,155.02,154.46,146.5,217.01,154.64,355.55,390.13,364.16,268.67
New Zealand,Freshwater & diadromous fish,Total food supply,Tonnes - live weight,869.23,2100,1538.46,1946.15,1946.15,1892.31,1223.08,1476.92,1376.92,1846.15,1846.15,1684.62,2075.39,2365.15,852.66,2507.15,1461.77,1820.08,2025.69,1992.19,2281.69,1941.38,2693.08,3223.23,2734.31,3650,3629.69,2533.08,3109.96,3694.55,3059.81,2836.86,3329.59,3938.06,3455.43,4255.24,3572.14,5171.05,6240.21,8609.56,7786.43,3784.31,3349.32,4338.88,7623.54,6399.75,8735.5,9353.19,8923.63,6387.21,10232.95,11510.54,9654.48,13595.47,12445.71,12003.49,12265.98
Nicaragua,Freshwater & diadromous fish,Total food supply,Tonnes - live weight,600,600,900,900,1100,1200,1300,1300,1200,1300,1300,1200,2600,460,359,461.08,397.62,181.08,129.08,79,193,486,381,121,86,56,173,118,118,154,260,352,158.08,588.45,49.29,44.45,55.12,45.65,28.86,246,352.75,265.36,288.34,691.44,1222.93,638.08,1200.51,2125.37,2418.38,1295.3,979.58,859.69,1347.34,1625.38,1865.74,2746.99,2672.27
Niger,Freshwater & diadromous fish,Total food supply,Tonnes - live weight,200,1250,6250,5036.84,4250,3250,1950,2550,750,320,490.91,10174.47,9800,7800,5877,4700,3654.5,7915.5,1834,8862,8008,6740,3168.5,2976.95,1920.34,2287.99,2260.5,2499,4728.51,3354,3145,2464,2031,2339.5,3549.5,4171,6225,6803,7670.5,12490.5,6385.5,4231.5,41529,42573.5,45412.5,30248.5,30184.5,30915,31366.72,40602.5,53098.38,47025.09,45840.13,48378,30813.5,37478.67,38344.53
Nigeria,Freshwater & diadromous fish,Total food supply,Tonnes - live weight,25010,30030,30050,54417.83,64427.83,74237.93,76950.58,77457.87,79209.74,76299,104696,106403,107002,112734,112995,114959,115619,116108,117689,113316,111556,113985,116982,110429,87763,107076,103561,110574,115100,98676,91565,109357,111817,117700,133393.54,141059.44,152708.63,172015,168514.94,159279.27,205676.97,224033.32,209551.04,237705.43,305454.11,319456.1,318218.73,447735.77,439317.88,494201.93,523317.43,566588.05,618457.6,670376.32,658125.89,686480.32,716627.09
North Macedonia,Freshwater & diadromous fish,Total food supply,Tonnes - live weight,0,0,0,0,0,0,0,0,0,0,0,0,0,0,0,0,0,0,0,0,0,0,0,0,0,0,0,0,0,0,0,1183.78,988.22,1004.19,1165.55,871.87,883.22,1068.54,1628.52,1584.78,1175.19,1411.91,1452.99,1722.45,1669.05,1253.03,1704.38,2262.91,3007.82,2792.53,2505.57,2522.61,2377.7,2115.05,2179.45,1703.17,2324.12
Northern Mariana Is.,Freshwater & diadromous fish,Total food supply,Tonnes - live weight,0,0,0,0,0,0,0,0,0,0,0,0,0,0,0,0,0,0,0,0,0,0,0,0,0,0,0,0,0,0,0,0,0,0,1,0,0,0,0,0,0,0,0,0,0,6,6,6,6,5,5,6,11,19,19,19,19
Norway,Freshwater & diadromous fish,Total food supply,Tonnes - live weight,1500,1000,800,1400,900,800,1391,1388,1122,1230,1361,2336,2510,3223,3230,3044.54,3121.23,2818.61,3439.61,4988.61,5741.54,4738.54,6594.49,4455.52,9488,6782,7433,6485.88,5333.03,8485.55,8859.11,4698.91,5310.95,17003.04,40159.96,30885.22,45970.99,54203.36,47425.43,67392.21,72968.44,63234.06,43574.5,27290.33,24985.93,28576.73,24243.83,27250.33,28883.55,38183.37,47342.45,45935.26,35383.41,44096.12,52724.24,52557.92,57489.5
Oman,Freshwater & diadromous fish,Total food supply,Tonnes - live weight,0,0,0,0,0,0,0,0,0,0,0,0,0,0,0,0,0,0,0,0,0,0,0,0,0,0,0,0,0,0,0,0,0,0,0,0,0,0,0,0,962.83,975.66,672.2,604.8,534.73,1328.14,148.83,266.67,324.77,329.77,670.55,2952,1894.69,4273.11,2857.53,4848.92,2326.98
Pakistan,Freshwater & diadromous fish,Total food supply,Tonnes - live weight,28100,22900,25000,26800,28100,29900,29600,36000,38100,40000,38100,37700,39300,35850,37289,38619,42947,40680,50283,51204,62128,68190,62776,73005,78726,86573,93974,98493,106209,114405,116989,122711,123538,134170,136852,156364,183736,181631,203585.44,189059,180270,181104,165818.27,170533.44,173559.58,260320.36,227819.57,240444.54,244747.63,251300.73,248923.86,255394.89,249674.83,244364.62,254448.38,263411.08,265499.58
Palau,Freshwater & diadromous fish,Total food supply,Tonnes - live weight,0,0,0,0,0,0,0,0,0,0,0,0,0,0,0,0,0,0,0,0,0,0,0,0,0,0,0,0,0,1,2,1,1,2,2,1,0,1,0,1,1,0,0,1,0,0,109.32,32.28,25.75,36.84,33.17,45.2,36.82,93.07,163.38,176.26,145.82
Palestine,Freshwater & diadromous fish,Total food supply,Tonnes - live weight,0,0,0,0,0,0,0,0,0,0,0,0,0,0,0,0,0,0,0,0,0,0,0,0,0,0,0,0,0,0,0,0,0,0,0,0,0,0,0,0,0,0,0,0,10,17,820.56,1138.05,2118.33,1822.56,2456.22,1079.89,2828.22,2510,1146.83,2567.89,912.78
Panama,Freshwater & diadromous fish,Total food supply,Tonnes - live weight,0,0,0,0,0,0,0,0,0,0,0,0,0,0,0,13.85,40,69.23,55.38,89.23,24.61,23,85.08,170.69,399.69,798.31,896.38,689.08,247.15,333.92,350.54,338.85,235.92,484.85,499.85,257.15,325.42,135.98,597.17,699.53,493.15,262.92,51.02,841.11,3747.1,4363.95,3673.97,3380.14,2630.27,3061.32,2160.04,3751.89,4255.3,4454.65,5293.19,5596.06,5744.89
Papua New Guinea,Freshwater & diadromous fish,Total food supply,Tonnes - live weight,200,200,200,200,200,200,300,300,300,400,394,241,284,362,190,72.46,159,206,5204,7709,12785.4,11695.35,11725.76,11656.99,12973.84,12625.74,12787.29,12667,12918.5,12800.96,11568.14,11809.5,11682,11665,11667,11844.67,11739,11820.34,11963,11953.08,10229.7,10792.07,11567.58,12084.66,12147.54,12369.54,12774.26,12768.11,13216.42,13216.63,13269.28,13547.4,13950.58,13830.69,14050.03,13836.57,14407.34
Paraguay,Freshwater & diadromous fish,Total food supply,Tonnes - live weight,600,600,700,700,700,700,800,1000,1400,1800,2200,2500,2700,2700,2800,2900,3000,3100,3140,3300,3350,3400,3500,5000,7500,12995,9996,10026,11041.15,12535,12945,17986,19062.03,20085.76,21215.36,22398.06,28321.05,28044.54,28081,28081,25555.16,25157,24592.86,24418.04,23559.42,22960.21,22422.17,21759.71,21207.81,20781.05,21954.97,21997.15,22586.51,23051.29,23516.04,23030.06,24704.9
Peru,Freshwater & diadromous fish,Total food supply,Tonnes - live weight,3000,2000,2000,3600,2600,3000,3000,3005,3015,2040,2554,3117,5576,5753,6970,6567,12985,14494,14881,12838,17319,17817,33368,30408,28500,33159,37362,40730,35205,30092,44501.15,33886,39743.54,50087.61,51445.08,30071,33440.54,36918.98,37734.48,34154.82,38338.34,32962.34,36297.78,43951.11,46338.57,43532.68,51635.24,60359.26,60315.15,61604.37,59450.41,65479.59,70441.9,69631.2,85995.25,84345.57,99681.46
Philippines,Freshwater & diadromous fish,Total food supply,Tonnes - live weight,113053.85,103403.85,82707.85,83270,84503.38,84474,85045.85,143144.85,144546.85,157997,164402,168196,170498,195126,198601,143039.61,154477.63,183408.2,188545.87,242005.23,308149.94,322862.87,446766.43,363753.09,322446,336378.3,349291,339670.22,355643,368624.36,393205.82,342385.97,317911.65,317177.27,307182.22,289770.35,307487.95,295038.87,331766.39,376700.05,416680.28,450502.25,465033.36,515929.89,552224.85,629165.43,711629.9,741483.93,746109.23,746106.77,768366.51,782452.7,797477.86,799755.84,802019.33,780966.2,806222.21
Poland,Freshwater & diadromous fish,Total food supply,Tonnes - live weight,19700,19300,20800,21500,19000,20109,19527,23864,23905,20333,23990,26892,28436,26585,27440,28796,31456,26543,25538,25020,29029,31655,35408,37983,32377,33515,35218,37910,38477,49332,51505,54572.11,54169.11,51310.31,55125.26,53694.06,49228.16,48852.66,51947.5,57236.93,60110.45,63471.35,66769.85,79071.01,68896.14,109994.53,147000.91,151239.25,123140.54,104528.56,84557.78,72071.3,76321.51,88645.18,67065.04,62572.54,57094.18
Portugal,Freshwater & diadromous fish,Total food supply,Tonnes - live weight,300,300,300,500,201,103,208,416,224,147,379,319,502,573,472,482,513,398,430,532,658,763,756.79,775.62,941.71,1578.06,2391.92,2050.62,1233.79,2599.28,3155.71,2830.16,2418.3,2053.44,1961.47,3374.58,4360.06,7327.68,7100.14,9044.88,9046.56,11756.17,12460.54,10838.54,12692.07,15237.02,16764.42,20850.83,22234.2,31088.39,30861.78,34950.18,34258.7,42913.53,38847.93,37000.11,34552.29
Puerto Rico,Freshwater & diadromous fish,Total food supply,Tonnes - live weight,0,0,0,0,0,0,0,0,0,0,0,0,0,0,0,0,0,0,0,0,0,0,0,0,0,0,0,10,8,3,164,85,48,43,48,24,6,6,3,15,202,209,96,211,33,23,34,12,6,4,7,7,7,8,8,8,8
Qatar,Freshwater & diadromous fish,Total food supply,Tonnes - live weight,0,0,0,0,0,0,0,0,0,0,0,0,0,0,0,0,0,0,0,0,0,0,0,0,0,0,0,0,0,0,0,0,0,0,0,0,26.95,0,0,1.54,3.08,4.62,15.38,4.62,978.77,1293.1,2060.91,2317.16,3455.5,3449.27,2747.16,3509.75,6771.26,12174.4,13038.66,16449.69,16766.28
Romania,Freshwater & diadromous fish,Total food supply,Tonnes - live weight,30000,25500,30100,25600,23500,23800,35300,28500,29500,33158,32310,34371,42219,43409,49610,51327,55704,46279,50018,53079,55864,59633,51681,56802,58930,66887,68222,77637,67108,48361,28905,24391.86,19297.78,21656.69,17788,10779.25,12001.67,10409.86,11958.17,12355.69,13788.74,14041.59,16247.04,11274.17,11906.65,15944.57,19929.64,35683.17,52599.55,51621.61,36891.83,35072.99,37605.25,40783.37,37087.41,41450.11,43330.84
Russian Federation,Freshwater & diadromous fish,Total food supply,Tonnes - live weight,0,0,0,0,0,0,0,0,0,0,0,0,0,0,0,0,0,0,0,0,0,0,0,0,0,0,0,0,0,0,0,484943.05,414800.89,412442.84,426815.28,408327.89,471989.19,513293.21,546141.52,485395.89,461457.83,467383.69,532040.64,449435.43,534795.49,579823.81,764189.88,922658.22,1019097.1,803964.4,927086.3,990749.3,982586.88,875624.81,771907.7,816119.47,808421.42
Rwanda,Freshwater & diadromous fish,Total food supply,Tonnes - live weight,500,500,500,700,700,700,800,800,800,900,900,800,1000,1368,1198,1008,1325,733,974,1223,982,1240,1248,825,947.87,1546,1737.27,1328,1516,2514,3561,3697,3553,3460,3379,3056.1,4550.28,6769,6733,6996,7263,7612,8428,8212,6807.73,7844.97,9260.57,11559.16,11630.41,13117,17276.22,19572.87,23765.51,27647.73,32132.42,28604.85,30629.53
Réunion,Freshwater & diadromous fish,Total food supply,Tonnes - live weight,0,0,0,0,0,0,0,0,0,0,0,0,0,0,0,0,0,0,0,0,0,0,0,0,12,14,15,79.28,71.39,10.63,64.3,128.21,168.1,196.57,242.15,0,130,121,136,139,112,104,101,83,103,104,111,110,100,100,85,85,85,60,60,60,10
Saint Helena,Freshwater & diadromous fish,Total food supply,Tonnes - live weight,0,0,0,0,0,0,0,0,0,0,0,0,0,0,0,0,0,0,0,0,0,0,0,0,0,0,0,0,0,0,0,0,0,0,0,0,0,0,0,1,4,1,0,2.86,18.54,53.83,1.11,0,0,9.01,0,3.08,1.54,3.5,0,4,0
Saint Kitts and Nevis,Freshwater & diadromous fish,Total food supply,Tonnes - live weight,0,0,0,0,0,0,0,0,0,0,0,0,0,0,0,0,0,0,0,0,0,0,0,0,0,0,0,0,0,0,0,0,0,0,6.3,8.95,12.6,0,6.73,25.87,19.12,24.68,32.58,31.29,31.35,69.87,23.62,46.02,74.22,40.56,35.6,67.53,165.14,57.41,171.71,143.18,50.79
Saint Lucia,Freshwater & diadromous fish,Total food supply,Tonnes - live weight,0,0,0,0,0,0,0,0,0,0,0,0,0,0,0,2.86,0,0,0,0,0,4.62,0,1.54,0,0,0,0,0,0,0,16.31,4.87,9.06,8.63,10.74,10.21,12.86,18.27,42.71,32.28,27.71,45.61,103.23,29.43,39.38,67.95,74.86,11.51,16.29,19.38,52,72.65,145.59,168.34,154.8,178.69
Saint Vincent/Grenadines,Freshwater & diadromous fish,Total food supply,Tonnes - live weight,0,0,0,0,0,0,0,0,0,0,0,0,0,0,0,0,0,0,0,0,0,0,0,0,0,0,0,0,0,0,0,0,0,0,1.54,6.33,8.25,2.65,10.11,12.97,12.44,11.65,7.04,8.79,4.19,6.93,11.87,20.88,6.15,7.47,4.19,10.81,5.93,19.34,11.06,9.47,4.4
Samoa,Freshwater & diadromous fish,Total food supply,Tonnes - live weight,0,0,0,0,0,0,0,0,0,0,0,0,0,0,0,0,0,0,0,0,0,0,0,0,0,0,0,0,0,0,0,0,0,0,0,0,2.11,0,0,1,121.47,49.62,14.93,6.62,45.65,13.34,10.15,13.23,25.57,18.34,32.41,116.59,79.58,136.65,142.63,708.11,90.19
Sao Tome and Principe,Freshwater & diadromous fish,Total food supply,Tonnes - live weight,0,0,0,0,0,0,0,0,0,0,0,0,0,0,0,0,0,0,0,0,0,0,0,0,0,0,0,0,0,0,0,0,0,0,0,0,0,2.5,0,0,0,0,0,0,0,1,0,0,0,0,36.92,0,0,0,0,0,0
Saudi Arabia,Freshwater & diadromous fish,Total food supply,Tonnes - live weight,0,0,0,0,0,0,0,0,0,0,0,0,0,0,0,0,0,0,0,0,0,0,0,0,0,26,138,328,1230,1936,2017,7357.73,6926.34,5684.27,16491.66,15950.19,19693.31,17589.93,24062.54,23202.85,26065.06,34699.46,38295.69,54283.81,51727.6,69014.99,65665.87,47923.61,53195.06,96002.66,90171.77,149943.41,137481.99,128276.56,120803.18,140557.91,146125.37
Senegal,Freshwater & diadromous fish,Total food supply,Tonnes - live weight,29000,30000,20000,21600,30200,25000,23000,21000,20000,28000,28000,25000,22000,24196,29215,26156,21512,20634.5,19719.15,23009.27,21844,21087,21066,20946,21383.82,21249,21506.43,18959.7,18376.15,18283.8,20462.1,26349,28693,36834,42429.83,49371.92,55553.39,44244.02,60236.48,53821.76,49541.52,45355.89,40475.49,25077.63,29989.51,24031.27,33437.61,31369.23,34274.58,34802.45,34365.41,35757.01,34521.7,31935.69,29784.6,29530.96,30094.63
Serbia,Freshwater & diadromous fish,Total food supply,Tonnes - live weight,0,0,0,0,0,0,0,0,0,0,0,0,0,0,0,0,0,0,0,0,0,0,0,0,0,0,0,0,0,0,0,0,0,0,0,0,0,0,0,0,0,0,0,0,0,10908.86,13592.44,14265.27,23007.62,28661.99,32684.71,32599.87,21776.32,21421.15,17454.65,13796.54,16934.03
Serbia and Montenegro,Freshwater & diadromous fish,Total food supply,Tonnes - live weight,0,0,0,0,0,0,0,0,0,0,0,0,0,0,0,0,0,0,0,0,0,0,0,0,0,0,0,0,0,0,0,5110,3796,3911,3589.89,4918.15,5507.25,11362.33,5861.09,5267,5405.78,5659.47,5396.92,8882.94,8754.58,0,0,0,0,0,0,0,0,0,0,0,0
Seychelles,Freshwater & diadromous fish,Total food supply,Tonnes - live weight,0,0,0,0,0,0,0,0,0,0,0,0,0,0,0,0,0,0,0,0,0,0,0,0,0,0,0,0,0,0,0,0,1,2,0,0,0,0,0,2.11,0,0,2,2.11,1,8.54,8.22,35.08,7,62.73,46.62,39.84,64.87,45.65,34.3,35.95,49.27
Sierra Leone,Freshwater & diadromous fish,Total food supply,Tonnes - live weight,400,500,500,800,800,800,900,900,900,1000,1000,1000,1000,1000,1100,1330,1628,5197,12139,15811,16412,17083,16578,17095,17109,16624,16628,16630,16116,13690,14621,15485,14522,15212,17238,17540,17562.33,17330,14515,17066,14093.35,15392.61,14673.64,15293.23,14569.48,13373.67,13005,15928.67,14920,13909.44,12923.64,11886.11,10873.22,9949.92,9957.39,9728.79,8882.31
Singapore,Freshwater & diadromous fish,Total food supply,Tonnes - live weight,853.85,1053.85,2582.42,3153.85,1439.56,1925.28,3453.85,1739.56,1639.56,1639.56,1253.85,1000,800,1219.56,1150.87,1413,1467.94,1740.89,900.76,1563.98,1400.39,1814.91,368.32,1472.89,464.42,330.88,384.4,233,135.7,1665.56,2410.44,4575.78,5119.16,4937.33,1386.11,1915.04,2720.42,2628.44,7284.46,8414.96,8450.81,9749.43,5456.62,1491.92,6795.11,6256.27,7184.59,11881.6,12869.64,14392.46,15451.13,55312.31,60406.4,67192.38,66703.24,68380.19,65633.33
Slovakia,Freshwater & diadromous fish,Total food supply,Tonnes - live weight,0,0,0,0,0,0,0,0,0,0,0,0,0,0,0,0,0,0,0,0,0,0,0,0,0,0,0,0,0,0,0,0,3077.77,4683.48,4632.69,4215.25,3633.71,3128.99,3639.76,3694.59,3956.22,4053.97,4372.25,5362.72,4928.64,10929.46,6404.08,6337.39,10631.07,10118.22,9800.38,8715.36,10082.78,10467.94,11257.16,12048.63,13559.66
Slovenia,Freshwater & diadromous fish,Total food supply,Tonnes - live weight,0,0,0,0,0,0,0,0,0,0,0,0,0,0,0,0,0,0,0,0,0,0,0,0,0,0,0,0,0,0,0,1032.84,980.14,1082.08,1164.68,1137.09,1203.02,1187.05,1527.67,1420.87,1441.67,1525.37,1554.09,1849.11,2036.14,2117.38,2639.79,3111.17,3654.17,3931.49,3673.22,4409.59,4901.19,4941.81,5217,4894.35,4754.22
Solomon Islands,Freshwater & diadromous fish,Total food supply,Tonnes - live weight,0,0,0,0,0,0,0,0,0,0,0,0,0,0,0,0,0,0,0,0,0,0,0,0,0,0,0,0,0,0,0,0,0,0,0,0,0,0,0,0,0,1.54,0,13.85,0,0,26.15,0,7.67,1,4.08,2,4.65,2,24.5,20.85,6.87
Somalia,Freshwater & diadromous fish,Total food supply,Tonnes - live weight,0,0,0,0,0,0,0,0,0,0,0,0,0,0,0,0,0,0,0,0,300,300,300,300,300,400,450,500,500,400,300,250,250,250,240,250,250,250,240,279,195,105,200,199,145,200,201,194.89,200,200,192,2,156.43,172.88,463.44,262.83,229.8
South Africa,Freshwater & diadromous fish,Total food supply,Tonnes - live weight,561.54,715.38,869.23,715.38,869.23,715.38,1330.77,1330.77,1023.08,2380.77,3303.85,1765.38,1765.38,1611.54,1765.38,1526.92,1869.75,2356.8,2119.98,2091.09,3136.55,1692.84,1772.64,2210.43,1651.71,2664.33,2584.14,2258.22,1988.38,3091.6,3828.18,2555.85,1778.65,1813.64,1736.53,4151.56,3325.49,2216.92,2914.06,3182.31,3599.51,3283.46,4734.74,5832.66,4541.23,5472.96,4944.79,6253.46,4755.03,5401.17,6169.16,8183.53,10293.28,10284.29,9702.55,11953.16,14390.53
South Sudan,Freshwater & diadromous fish,Total food supply,Tonnes - live weight,0,0,0,0,0,0,0,0,0,0,0,0,0,0,0,0,0,0,0,0,0,0,0,0,0,0,0,0,0,0,0,0,0,0,0,0,0,0,0,0,0,0,0,0,0,0,0,0,0,0,0,37250.56,37356.33,37514.06,37210.28,35066.07,33022.5
Spain,Freshwater & diadromous fish,Total food supply,Tonnes - live weight,9600,10600,12000,12700,12400,12600,12600,12800,13300,14800,16400,13900,13700,14800,14170,17695,19326.88,19884.09,25262.15,33578.13,30372.03,31744.83,24356.15,25281.09,24913.58,27207.41,29597.72,32392.83,39493.46,45963.97,54918.89,56438.72,58577.45,55703.6,59916.53,74147.04,61274.24,66652.65,62403.61,74560.85,85762.47,88134.61,101533.52,106686.55,123012.53,155729.84,192457.31,223694.93,232583,241448.53,224697.62,189662.32,181169.85,189176.7,179475.64,164647.79,134267.43
Sri Lanka,Freshwater & diadromous fish,Total food supply,Tonnes - live weight,3400,4600,4400,5500,7600,9300,8000,8000,7000,8300,8200,8400,7000,7690,13265,12459,12887,16455,16942,19187,27824,30945,33159,27605,29273,31420,31995,33042,34750,26710.68,19834.38,17233.28,13323.86,8277.76,15007.69,22550.76,27805.97,30238.9,31576.25,32295.78,26465.57,25544.88,28494.56,33743.08,35078.97,39760.72,44862.37,50950.54,50954.32,57738.83,68071.2,75629.92,79669.06,87990.42,80461.03,80854.1,85853.65
St. Pierre and Miquelon,Freshwater & diadromous fish,Total food supply,Tonnes - live weight,0,0,0,0,0,0,0,0,0,0,0,0,0,0,0,0,0,0,0,0,0,0,0,0,0,6,0,1,1,0,0,0,2,3,17.15,1,1,1,23.5,1,1,2.54,5,2,2,2,6,10.3,2,7.36,2,0,7.71,12.08,16.44,19.08,11
Sudan,Freshwater & diadromous fish,Total food supply,Tonnes - live weight,0,0,0,0,0,0,0,0,0,0,0,0,0,0,0,0,0,0,0,0,0,0,0,0,0,0,0,0,0,0,0,0,0,0,0,0,0,0,0,0,0,0,0,0,0,0,0,0,0,0,0,30997.61,31688.72,31533.48,34075.34,40632.71,41617.05
Sudan (former),Freshwater & diadromous fish,Total food supply,Tonnes - live weight,13445,14300,16171.43,16500,18200,19000,19200,20700,21600,21400,20800,21100,21800,21800,21725,23846,22970,25599,27154,23520,25752,26860,23829,28462,25911,22793,26043,28045,29100,30234,31803,33200,37700,40200,41000,41481,43004.49,44999,45000,49009.23,54003.33,53602.22,55595,59099,55406.09,53746.88,61868.56,64851.11,68073.22,68102.28,68065.73,0,0,0,0,0,0
Suriname,Freshwater & diadromous fish,Total food supply,Tonnes - live weight,500,400,400,600,500,500,500,400,400,300,300,300,300,242,295,252,235,103,90,71,70,82,217,145,228,109,107,126,350,350,360,564,190,169,141,158.69,213.31,213.31,250,337.01,271.18,183.94,139.25,132,126.83,174.72,96.72,39.58,120.17,375.87,535.09,457.9,475.41,572.85,326.92,598.67,535.15
Sweden,Freshwater & diadromous fish,Total food supply,Tonnes - live weight,7690.24,7464.07,7939.03,8499.26,9552.4,9402.8,9383.93,9850.62,10200.29,10005.74,9407.74,11580.62,10953.74,10961.11,12093.63,11670.64,9139.58,10782.17,11202.46,11749.23,11599.76,13430.23,11965.49,12816.34,13981.55,17346.74,14551.54,22025.32,23167.17,21472.98,22072.02,24964.42,24357.85,24942.29,21836.08,34699.84,27371.23,26682.77,25101.36,24963.8,31931.46,36212.33,42949.6,48143.69,53849.13,55585.38,68530.83,71033.11,74281.22,71144.95,84168.32,87655.33,94213.4,105118.52,101290.07,88264.04,88106.13
Switzerland,Freshwater & diadromous fish,Total food supply,Tonnes - live weight,5411.11,6216.67,5827.78,5850,6383.33,6255.56,6016.67,6166.67,6027.78,4738.89,5583.33,6689.13,7045.41,7329.17,7002.84,7096.38,8712.58,9265.14,10143,10994.33,11398.5,11497.83,11210.5,12360.33,13101,14261.43,15968.5,18358.2,19949.22,19185.77,20383.39,20091.2,20098.03,22674.31,23381.08,23446.98,25124.82,25916.11,26906.81,28016.81,31584.99,30146.24,29424.95,31042.05,33067.47,35950,38758.05,41068.27,43215.3,45279.32,45836.98,46094.54,50069.98,46074.9,50527.18,52743.67,49519.26
Syrian Arab Republic,Freshwater & diadromous fish,Total food supply,Tonnes - live weight,500,500,600,600,600,600,600,701,704,700,700,600,600,850,1125,2547,2913,2281,3542,3657,3428,2940,3402,4136,4645,4382,3862,4282,3548,4184,6312,7700,7171,8091,9689,9458,9153,11580,11417,10786.71,11852.86,12343,13068,14321,13292,13894,14524,12962,14605.86,12487,10826,11618.5,9701.5,9180.5,6839.5,6494,7062
Taiwan Province of China,Freshwater & diadromous fish,Total food supply,Tonnes - live weight,45633,37764,38397,43986,40908,44333,39758,37509,39125,51105,57241,56543,76043,77245,88377,92326,93840,108140,127079.57,122116.71,112700.6,121153.22,133902.11,130407.33,123942,118930.47,125499.81,148177.29,105515.07,182729.04,128332.2,105840.04,142413.68,174562.82,176224.7,135301.63,115343.9,95368.78,111326.12,101737.98,130573.81,154419.22,166056.58,135284.47,127234.4,117753.72,125557.62,128469.38,128839.67,122773.66,137866.29,170420.39,158562.44,158875.28,157067.64,130972.55,143023.4
Tajikistan,Freshwater & diadromous fish,Total food supply,Tonnes - live weight,0,0,0,0,0,0,0,0,0,0,0,0,0,0,0,0,0,0,0,0,0,0,0,0,0,0,0,0,0,0,0,2023,2715,1107,384,203,191,216,224,256.08,236,324,325,210,201.71,286.55,270.79,436.71,817.74,1233.02,1423.24,1018.11,1630.64,1671.72,1689.19,1566.97,1619.84
"Tanzania, United Rep. of",Freshwater & diadromous fish,Total food supply,Tonnes - live weight,49013.61,47384.61,58988.44,72200,74890.05,66088.56,92992.81,112591.01,110269.29,141331.54,146973.07,121333.33,135047.33,145588.19,159660.58,190784,223872,163775,146443,189900,191760,200754,205715,237318,257904,265770,303433,343759,327532,357331,272370,275500,287982,238374,303453.61,239912.15,280728.27,255763.42,233301.97,206061.85,220096.68,217141.18,226190.11,209559.89,229794.17,208866.86,279408.15,191968.29,224410.57,237295.08,232162.24,264663.3,286809.98,243087.2,293422.35,294042.09,306717.48
Thailand,Freshwater & diadromous fish,Total food supply,Tonnes - live weight,68500,65700,91305,78310,80415,82822,81026,80631,85344,97336,101564,124789,134874,154686,155521,144484,119445,138323,129734,141761,161741,130531,151230,158881,161068,183596,168444,188360.43,203444.21,223981.06,253319.11,280682.12,328099.06,368697.91,381468.28,429101.81,440350.68,431615.12,459065.35,478559.07,484200.25,489038.12,526658.47,546953.93,446228.89,549173.82,678966.65,648797.88,641912.79,562735.47,556952.45,635291.67,648299.94,605306.12,624190.26,605648.24,624162.77
Timor-Leste,Freshwater & diadromous fish,Total food supply,Tonnes - live weight,0,0,0,0,0,0,0,0,0,0,0,0,0,0,0,0,0,0,0,0,0,0,0,0,0,0,0,0,0,0,0,0,0,0,0,0,0,0,0,0,0,0,0,18.08,25.08,26,36,53,51,52,78.03,399.36,295.72,331.99,122.02,213.06,101.09
Togo,Freshwater & diadromous fish,Total food supply,Tonnes - live weight,1700,2000,2000,2000,2300,2500,2500,3000,3000,2500,3000,3000,3000,3003,3005,3510,3668,3668,3500,3500,3500,3500,3507,3562,3550,3550,3679,3532,4550,4976,7600.97,7074.79,10767.3,6183.6,5051.11,5037.54,6356.56,5503.33,5771.41,10549.16,6226.96,5953.75,5578.11,8268.65,6584.61,6137,6596.9,5854.99,7108.44,8366.33,8925.22,10831.78,12998.34,37583.67,37706.33,34804.78,46901.17
Tonga,Freshwater & diadromous fish,Total food supply,Tonnes - live weight,0,0,0,0,0,0,0,0,0,0,0,0,0,0,0,0,0,0,0,0,0,0,0,0,0,0,0,0,0,1,1,1,1,0,0,0,0,0,0,18.61,20.54,15.54,66.15,6.15,0,4.62,103.08,189.03,4.87,1.54,15.98,2.54,6.93,3.08,0,2.5,0
Trinidad and Tobago,Freshwater & diadromous fish,Total food supply,Tonnes - live weight,0,0,0,0,0,0,0,0,0,0,0,0,0,545.5,41.54,199.34,302.88,230.99,263.3,284.03,608.82,375.21,659.37,362.66,447.47,309.45,242.2,100,2,73.65,167.15,34.85,28.61,33.77,56.1,95.89,131.78,158.08,219.37,244.02,156.94,232.12,269.15,804.08,930.76,616.99,534.29,560.6,597.96,552.29,584.77,1114.97,1117.93,1352.79,1540.46,1246.65,2040.94
Tunisia,Freshwater & diadromous fish,Total food supply,Tonnes - live weight,100,100,100,200,400,200,200,200,200,211,196,267,100,104,191,153,254,297,295,347,269,469,519,208,115,109,228,110,108,369.57,248,384.43,232.97,605.98,767.43,1248.22,1677.87,1746.38,1719.58,1494.64,1485.49,1602.39,1606.98,2012.29,2076.01,2092.68,2142.79,2383.38,2431.12,2167.27,1690.24,2160.96,2146.18,2707.96,2873.5,2914,3283
Turkey,Freshwater & diadromous fish,Total food supply,Tonnes - live weight,5380,7200,6420,6250,5780,7920,6050,7610,10717,11990,13351,14598,12997,12572,18312,16049,13738,17773,16128.98,25243.99,24933.02,26923,32003,38337,37081,36631,38910.33,45664,41761.01,39284.4,42407.64,45488.92,50309.91,47992.69,52911.83,56616.72,71334.89,82126.7,80067.6,84120.62,70190.46,67271.92,75279.53,80868.21,82231.2,84852.7,87600.33,92520.23,99588,103436.04,109486.81,120349.65,122522.86,106636.66,108919.62,96119.68,94963.96
Turkmenistan,Freshwater & diadromous fish,Total food supply,Tonnes - live weight,0,0,0,0,0,0,0,0,0,0,0,0,0,0,0,0,0,0,0,0,0,0,0,0,0,0,0,0,0,0,0,33727,18243,16060,10751.5,8976,8610.13,5649,7308,9823,11911,12226.63,14442.5,14517,14921.6,14926,14948.2,14941.33,15040.66,15045.1,15068.55,15073.52,15132.65,15225.67,15334.56,15292.94,15114.7
Turks and Caicos Is.,Freshwater & diadromous fish,Total food supply,Tonnes - live weight,0,0,0,0,0,0,0,0,0,0,0,0,0,0,0,0,0,0,0,0,0,0,0,0,0,0,0,0,0,0,0,0,0,0,0,0,0,0,22.31,26.77,34.23,42.77,37.31,41.77,0,0,0,0,0,6.58,151.46,205.62,233.19,256.42,264.65,240.85,212.23
Tuvalu,Freshwater & diadromous fish,Total food supply,Tonnes - live weight,0,0,0,0,0,0,0,0,0,0,0,0,0,0,0,0,0,0,0,0,0,0,0,0,0,0,0,0,0,0,0,0,0,0,0,0,0,0,0,0,0,0,5,1,1,1,6.56,0,2,6.44,2,2,2,2,2,2,5
US Virgin Islands,Freshwater & diadromous fish,Total food supply,Tonnes - live weight,0,0,0,0,0,0,0,0,0,0,0,0,0,0,0,0,0,0,0,0,0,0,0,6,6,7,7,0,0,0,0,0,0,0,0,0,0,0,0,0,0,0,0,0,0,10,10,10,10,10,10,10,10,8,8,8,8
Uganda,Freshwater & diadromous fish,Total food supply,Tonnes - live weight,54765.83,61206.82,68700.7,69499.32,75899.37,81104.19,98998.91,107500,123800,126600,134995.56,164285.34,167985.71,166491.89,187298.18,152400,219220,223830,179930,165840,166590,170035,172000,212331,160833,197635,200038,214325,212247,241115,202913,252847,203081,195266,175123,154308,193786,188528.7,203180.2,184455.55,181428.51,165723.38,185345.98,300802.38,333805.27,314930.97,407961.87,393143.81,437090.93,456966.34,480810.53,453400.82,468883.91,530754.82,472041,463101.31,458392.53
Ukraine,Freshwater & diadromous fish,Total food supply,Tonnes - live weight,0,0,0,0,0,0,0,0,0,0,0,0,0,0,0,0,0,0,0,0,0,0,0,0,0,0,0,0,0,0,0,95558,81028,62507,49306,43631,38319,36731,47815,43978,59614.44,53052.97,56259.04,45675.46,58598.12,46709.22,70674.87,74140.95,61889.13,52626.67,68741.55,71948.64,100670.11,91759.59,77363.91,98406.77,94269.25
United Arab Emirates,Freshwater & diadromous fish,Total food supply,Tonnes - live weight,0,0,0,0,0,0,0,0,0,0,0,0,0,0,0,0,0,0,0,0,60,20,24,24,21,26,29,30,30,32,29,30,40,35,307.59,369.55,364.91,532.4,443.57,515.14,574.29,1326.36,1200.42,3980.61,3958.93,9042.52,2901.68,3363.32,4471.8,4542.12,8827.78,14141.41,60668.7,77935.74,85189.66,75686.73,63180.44
United Kingdom,Freshwater & diadromous fish,Total food supply,Tonnes - live weight,44226.45,81444.4,61776.03,81444.44,77384.62,57500.86,72638.46,78172.65,56992.31,44801.71,59847.01,60453.85,46052.99,29639.24,38790.89,35141.6,25893.19,27489.31,30158.81,46886.69,55688.76,43891.08,58920.56,55381.53,54918.24,68497.88,69752.04,61746.65,71878.41,85846.31,92137.99,91004.28,95604.54,118205.41,111388.31,136239.4,143227.95,132816.35,142429.18,166840.61,166702.26,173301.15,150082.31,175097.05,181669.13,205361.36,195947.07,197960.61,218620.83,208344.64,202611.84,207142.82,204486.16,201514.38,209062.54,222897.02,222376.55
United States of America,Freshwater & diadromous fish,Total food supply,Tonnes - live weight,289908.67,279237.33,269687.16,264827.31,278132.6,288055.09,209473.92,321171.49,253108.47,297246.21,256020.99,217335.36,212803.08,226999.92,209503.15,272088.07,262211.95,261361.87,263298.75,322434.18,320040.7,313016.3,341716.04,405749.98,393993.5,375245.27,379121.41,347268.21,459086.22,435158.88,488284.76,467734.02,524587.08,547950.11,612361.44,567336.54,604968.09,728644.12,789701.19,788420.15,914582.6,964358.72,1069523.23,1112260.17,1215323.83,1238139.54,1386319.58,1271462.4,1332560.98,1416620.06,1359055.59,1541136.11,1648276.72,1692545.31,1734694.66,1678707.29,1646683.77
Uruguay,Freshwater & diadromous fish,Total food supply,Tonnes - live weight,0,0,0,0,0,0,0,0,0,0,0,0,0,33,159,75,213,168.67,143,140,306,72.52,54.17,184.05,114.47,198.83,281.3,150.53,246.09,160.17,482,301.38,629.59,911.59,865.33,650.14,1658.73,1653.26,266.36,350.74,488.43,407.43,360,108.11,93.08,994.11,406.9,783.94,818.29,2193.43,2510.21,3376.54,4923.86,5265.8,5194.93,4873.04,5250.51
Uzbekistan,Freshwater & diadromous fish,Total food supply,Tonnes - live weight,0,0,0,0,0,0,0,0,0,0,0,0,0,0,0,0,0,0,0,0,0,0,0,0,0,0,0,0,0,0,0,26479,20801,14726.66,12175.58,6592.05,10445,9649.35,8919.53,8959.1,7361.6,6359.76,5175.54,4976.05,6065.3,6542.85,5931.5,7183.9,8642.5,9586.07,16723.53,26769.57,39443.43,49121.52,62335.5,66329.5,83970.11
Vanuatu,Freshwater & diadromous fish,Total food supply,Tonnes - live weight,0,0,0,0,0,0,0,0,0,0,0,0,0,0,0,0,0,0,0,0,0,0,0,0,0,0,0,0,0,0,0,0,0,0,0,0,0,1.54,1.11,0,2.5,2.5,0,25.61,66,101.69,22.9,36.74,53.31,101.14,96.2,39.84,93.42,70.76,7.44,44.12,24.44
"Venezuela, Boliv Rep of",Freshwater & diadromous fish,Total food supply,Tonnes - live weight,9300,7600,6700,11200,8500,4700,5102,6205,7315,3820,5730,6545,8675,9293,7791,7057.31,8608.87,12026.46,7662.14,16205,13635,15647.29,20459,21611.61,16685.19,20260.62,27849.54,31475.01,23514,18985.67,21709.08,21023.79,29559.42,37446.58,53640.27,43947.6,41764.44,50703.75,39824.53,40632.98,47168.81,48784.08,46296.08,55770.61,32143.43,52228.75,41155.05,29987.23,41785.07,34570.13,40041.36,55354.72,53213.76,54444.24,39900.83,33297.8,26551.85
Viet Nam,Freshwater & diadromous fish,Total food supply,Tonnes - live weight,128000,121300,134900,137000,142000,149700,144500,136000,148600,149100,156100,166800,176300,174000,171970,179920,174800,179600,184260,158440,177710,185380,200480,223279,231135,220810,234371,235893,261944,236185,247091,247653,268498,349983,389003,401603.89,430223.27,400716.29,479053.4,545065,570262.13,605269.17,713951.98,804484.16,893936.19,777240.17,1129292.17,1146409.33,1320745.28,1511740.91,1444390.17,1399919.05,1315113.44,1171656.9,1325690.19,1253069.08,1434578.91
Yemen,Freshwater & diadromous fish,Total food supply,Tonnes - live weight,0,0,0,0,0,0,0,0,0,0,0,0,0,0,0,0,0,0,0,0,0,0,0,0,0,0,0,0,0,0,0,0,0,0,0,0,0,0,0,0,2.86,105.56,31.11,56.92,408.62,2297.04,1041.11,203.82,819.54,400.24,993.31,828.46,372.5,187.12,35.38,152.5,0
Yugoslavia SFR,Freshwater & diadromous fish,Total food supply,Tonnes - live weight,13080,12090,13290,13195,16140,16870,16855,13910,16140,18620,17355,17463,19180,21958,20824,20480,23741,23724,18226,21205,23264,21562,24984,23698,23786,23591,22104,24783,23769.23,23323.46,12630.69,0,0,0,0,0,0,0,0,0,0,0,0,0,0,0,0,0,0,0,0,0,0,0,0,0,0
Zambia,Freshwater & diadromous fish,Total food supply,Tonnes - live weight,26700,31241.1,46115.04,45200,45814.29,49122.56,50261.9,52127.07,60876.71,51498.76,46800,49900,50400,46829,57264,54239,53686.9,47577,49526,51015,39598,55881,54377,65874,68363,55988.92,63233.86,60448.91,66955.96,65520.98,68226.68,70950.55,69799.23,74509.51,74466.77,71001,70199.21,74017,69826.71,69460.03,64906.06,65587.53,69264.87,71202.21,67831.65,64824.73,78835.76,79839.53,91332.41,85633.77,79852.79,99575.05,107206.28,112381.71,123687.01,128653.7,129863.99
Zimbabwe,Freshwater & diadromous fish,Total food supply,Tonnes - live weight,1300,1300,1300,1900,2000,2000,2000,2000,2000,2000,2500,3002,3012,3109,3685,4550,4771,7772,9874,13288,16429,17512,13609,16409,17228.12,18937,19166.89,22177.44,24045,25707.19,22111.54,21591.44,21729.22,20707.42,16988.39,17689.33,19393.5,16862.24,13100.2,18324.06,13853.27,13800.02,12082.77,16721.69,11934.37,11584.4,11742.69,11672.68,14091.15,21156.85,30550.11,28945.07,32264.26,28899.21,31712.7,32151.93,29529.51
Totals - Production,,,,0,0,0,0,0,0,0,0,0,0,0,0,0,0,0,0,0,0,0,0,0,0,0,0,0,0,0,0,0,0,0,0,0,0,0,0,0,0,0,0,0,0,0,0,0,0,0,0,0,0,0,0,0,0,0,0,0
Totals - Stock variations,,,,0,0,0,0,0,0,0,0,0,0,0,0,0,0,0,0,0,0,0,0,0,0,0,0,0,0,0,0,0,0,0,0,0,0,0,0,0,0,0,0,0,0,0,0,0,0,0,0,0,0,0,0,0,0,0,0,0
Totals - Non-food uses,,,,0,0,0,0,0,0,0,0,0,0,0,0,0,0,0,0,0,0,0,0,0,0,0,0,0,0,0,0,0,0,0,0,0,0,0,0,0,0,0,0,0,0,0,0,0,0,0,0,0,0,0,0,0,0,0,0,0
Totals - Food exports,,,,0,0,0,0,0,0,0,0,0,0,0,0,0,0,0,0,0,0,0,0,0,0,0,0,0,0,0,0,0,0,0,0,0,0,0,0,0,0,0,0,0,0,0,0,0,0,0,0,0,0,0,0,0,0,0,0,0
Totals - Food imports,,,,0,0,0,0,0,0,0,0,0,0,0,0,0,0,0,0,0,0,0,0,0,0,0,0,0,0,0,0,0,0,0,0,0,0,0,0,0,0,0,0,0,0,0,0,0,0,0,0,0,0,0,0,0,0,0,0,0
Totals - Total food supply,,,,3805979.69,3978149.08,4085998.08,4300207.09,4561874.55,4678834.82,4781432.12,5155435.27,5253912.59,5389614.66,5540518.99,5711907.21,5993236.46,6100867.12,6023978.51,6145272.78,6375805.61,6394758.4,6567335.72,6986983.41,7567666.93,7846097.03,8535069.32,9243482.02,9963042.28,10976187.54,11767351.83,12598064.65,13278297.28,14082643.22,14412031.47,15973740.54,17595229.12,19297083.12,21280782.74,23189883.81,23990728.31,24640217.88,26090071.98,26493270.95,28248066.86,28878787.31,30183058.44,31613315.43,33917735.8,36302746.2,38746512.39,40935103.09,43392701.74,46390969.44,47461055.09,50233539.21,53194929.45,55030949.37,56784184.31,59039073.15,61094786.89
FAO. 2020. Fishery and Aquaculture Statistics.  Food balance sheets of fish and fishery products 1961-2017 (FishstatJ). In: FAO Fisheries Division [online]. Rome. Updated 2020. www.fao.org/fishery/statistics/software/fishstatj/en,,,,,,,,,,,,,,,,,,,,,,,,,,,,,,,,,,,,,,,,,,,,,,,,,,,,,,,,,,,,
